,id,dam,sire,year,yearP2,matass.match.P2.id..indiv..,patass.match.P2.id..indiv..
1,#19,NA,NA,1993,NA,NA,NA
2,87,NA,NA,1993,1993,NA,NA
3,30,NA,NA,1993,1993,NA,NA
4,#23,NA,NA,1995,NA,NA,NA
5,#18,NA,NA,1995,NA,NA,NA
6,2A,NA,NA,1996,1996,NA,NA
7,4D,NA,NA,1995,1995,NA,NA
8,1V,NA,NA,1994,1994,NA,NA
9,1W,NA,NA,1995,1995,NA,NA
10,9,NA,NA,1993,1993,NA,NA
11,69,NA,NA,1994,1994,NA,NA
12,2J,NA,NA,1995,1995,NA,NA
13,4I,NA,NA,1995,1995,NA,NA
14,94,NA,NA,1994,1994,NA,NA
15,1B,NA,NA,1995,1995,NA,NA
16,5J,NA,NA,1995,1995,NA,NA
17,8K,NA,NA,1996,1996,NA,NA
18,1P,NA,NA,1995,1995,NA,NA
19,3C,NA,NA,1995,1995,NA,NA
20,72,NA,NA,1994,1994,NA,NA
21,SF024,NA,NA,2011,2011,NA,NA
22,i6,NA,NA,1998,1998,NA,NA
23,3G,NA,NA,1995,1995,NA,NA
24,i7,NA,NA,1998,1998,NA,NA
25,9J,NA,NA,1997,1997,NA,NA
26,i8,NA,NA,1998,1998,NA,NA
27,Q3,NA,NA,1998,1998,NA,NA
28,i4,NA,NA,1998,1998,NA,NA
29,Q2,NA,NA,1998,1998,NA,NA
30,H8,NA,NA,1998,1998,NA,NA
31,D6,NA,NA,1997,1997,NA,NA
32,HF001,NA,NA,2000,2000,NA,NA
33,#29,NA,NA,2002,NA,NA,NA
34,#27,NA,NA,2002,NA,NA,NA
35,GF007,NA,NA,2003,2003,NA,NA
36,TF120,NA,NA,2004,2004,NA,NA
37,TF126,NA,NA,2004,2004,NA,NA
38,CF043,NA,NA,2003,2003,NA,NA
39,CF046,NA,NA,2003,2003,NA,NA
40,GF009,NA,NA,2003,2003,NA,NA
41,TF122,NA,NA,2004,2004,NA,NA
42,TF124,NA,NA,2004,2004,NA,NA
43,TF107,NA,NA,2004,2004,NA,NA
44,GF002,NA,NA,2003,2003,NA,NA
45,TF123,NA,NA,2004,2004,NA,NA
46,TF121,NA,NA,2004,2004,NA,NA
47,TF108,NA,NA,2004,2004,NA,NA
48,NF008,NA,NA,2005,2005,NA,NA
49,HF059,NA,NA,2003,2003,NA,NA
50,#31,NA,NA,2009,NA,NA,NA
51,YM005,NA,NA,2005,2005,NA,NA
52,*13,NA,NA,1993,NA,NA,NA
53,1M,NA,NA,1995,1995,NA,NA
54,10,NA,NA,1994,1994,NA,NA
55,1I,NA,NA,1995,1995,NA,NA
56,3Y,NA,NA,1995,1995,NA,NA
57,56,NA,NA,1994,1994,NA,NA
58,98,NA,NA,1994,1994,NA,NA
59,8R,NA,NA,1996,1996,NA,NA
60,1L,NA,NA,1995,1995,NA,NA
61,4Q,NA,NA,1994,1994,NA,NA
62,3R,NA,NA,1996,1996,NA,NA
63,2B,NA,NA,1995,1995,NA,NA
64,6V,NA,NA,1995,1995,NA,NA
65,8F,NA,NA,1996,1996,NA,NA
66,2W,NA,NA,1995,1995,NA,NA
67,2Y,NA,NA,1996,1996,NA,NA
68,4G,NA,NA,1994,1994,NA,NA
69,4Y,NA,NA,1994,1994,NA,NA
70,*33,NA,NA,1997,NA,NA,NA
71,2X,NA,NA,1995,1995,NA,NA
72,1F,NA,NA,1995,1995,NA,NA
73,5F,NA,NA,1995,1995,NA,NA
74,W3,NA,NA,1998,1998,NA,ColMBsib
75,2U,NA,NA,1995,1995,NA,NA
76,8C,NA,NA,1996,1996,NA,NA
77,9W,NA,NA,1997,1997,NA,NA
78,5I,NA,NA,1995,1995,NA,NA
79,65,NA,NA,1994,1994,NA,NA
80,2E,NA,NA,1995,1995,NA,NA
81,9X,NA,NA,1997,1997,NA,NA
82,CMUK4,NA,NA,2002,2002,NA,NA
83,CM011,NA,NA,2001,2001,NA,NA
84,GM003,NA,NA,2003,2003,NA,NA
85,TM100,NA,NA,2004,2004,NA,NA
86,TM125,NA,NA,2004,2004,NA,NA
87,TM118,NA,NA,2004,2004,NA,NA
88,TM119,NA,NA,2004,2004,NA,NA
89,TM103,NA,NA,2004,2004,NA,NA
90,VM123,NA,NA,2010,2010,NA,NA
91,TM115,NA,NA,2004,2004,NA,NA
92,TM111,NA,NA,2004,2004,NA,NA
93,TM113,NA,NA,2004,2004,NA,NA
94,GM006,NA,NA,2003,2003,NA,NA
95,FM176,NA,NA,2011,2011,NA,NA
96,FM177,NA,NA,2011,2011,NA,NA
97,DM047,NA,NA,2004,2004,NA,NA
98,FM178,NA,NA,2011,2011,NA,NA
99,SM020,NA,NA,2011,2011,NA,NA
100,MM002,NA,NA,2012,2012,NA,NA
101,SM018,NA,NA,2010,2010,NA,NA
1774,XF014,NA,NA,2014,2014,NA,NA
1775,XF015,NA,NA,2014,2014,NA,NA
1777,#x46,NA,NA,2014,NA,NA,NA
1779,BF647,NA,NA,2014,2014,NA,NA
1782,#x57,NA,NA,2013,NA,NA,NA
1814,*x2,NA,NA,2014,NA,NA,NA
1817,*x46,NA,NA,2014,NA,NA,NA
1822,*x57,NA,NA,2013,NA,NA,NA
102,85,NA,YM005,1993,1993,NA,ColMBsib
103,4B,#19,NA,1994,1994,Colsib,NA
104,39,87,NA,1994,1994,ColMBsib,NA
105,100,NA,*13,1994,1994,NA,Colsib
106,2O,30,NA,1995,1995,ColMBsib,NA
107,1Q,87,NA,1995,1995,ColMBsib,NA
108,6S,#23,NA,1996,1996,Colsib,NA
109,3E,#18,NA,1996,1996,Colsib,NA
110,3B,NA,1M,1996,1996,NA,MB
111,4J,2A,10,1996,1996,MB,MB
112,4N,2A,1I,1996,1996,MB,MB
113,4H,4D,3Y,1996,1996,MB,MB
114,3Q,1V,56,1996,1996,MB,MB
115,3S,1V,98,1996,1996,MB,MB
116,5R,1W,NA,1996,1996,MB,NA
117,3K,9,NA,1996,1996,MB,NA
118,3O,69,NA,1996,1996,MB,NA
119,4L,69,NA,1996,1996,MB,NA
120,4M,69,NA,1996,1996,MB,NA
121,5T,NA,8R,1996,1996,NA,MB
122,5U,NA,10,1996,1996,NA,MB
123,5V,2A,10,1996,1996,MB,MB
124,6N,NA,1L,1996,1996,NA,MB
125,4P,NA,4Q,1996,1996,NA,MB
126,5X,2J,NA,1996,1996,MB,NA
127,A6,4I,NA,1996,1996,MB,NA
128,5Y,94,NA,1996,1996,MB,NA
129,5Z,94,NA,1996,1996,MB,NA
130,8T,94,NA,1996,1996,MB,NA
131,5S,1B,NA,1996,1996,MB,NA
132,8A,69,NA,1996,1996,MB,NA
133,8B,NA,3R,1996,1996,NA,MB
134,8D,69,NA,1996,1996,MB,NA
135,8G,NA,2B,1996,1996,NA,MB
136,8I,9,1M,1996,1996,MB,MB
137,6F,2J,NA,1996,1996,MB,NA
138,8M,5J,6V,1997,1997,MB,MB
139,IR,NA,YM005,1997,1997,NA,ColMBsib
140,8O,2J,NA,1997,1997,MB,NA
141,A7,4D,3Y,1997,1997,MB,MB
142,8W,94,NA,1997,1997,MB,NA
143,8U,94,NA,1997,1997,MB,NA
144,9M,8K,NA,1997,1997,MB,NA
145,A5,1P,NA,1997,1997,MB,NA
146,8X,9,NA,1997,1997,MB,NA
147,8Y,9,8F,1997,1997,MB,MB
148,9C,NA,8F,1997,1997,NA,MB
149,9D,9,NA,1997,1997,MB,NA
150,9E,9,NA,1997,1997,MB,NA
151,9G,9,NA,1997,1997,MB,NA
152,9N,1V,98,1997,1997,MB,MB
153,9Q,1W,98,1997,1997,MB,MB
154,9R,1W,56,1997,1997,MB,MB
155,9T,1W,98,1997,1997,MB,MB
156,1H,94,NA,1997,1997,ColMBsib,NA
157,A2,2J,2W,1997,1997,MB,MB
158,A4,3C,NA,1997,1997,MB,NA
159,B7,NA,2Y,1997,1997,NA,MB
160,C8,9,8F,1997,1997,MB,MB
161,D0,30,NA,1997,1997,MB,NA
162,C9,1W,56,1997,1997,MB,MB
163,A8,4D,4G,1997,1997,MB,MB
164,T7,#18,NA,1997,1997,Colsib,NA
165,E7,87,NA,1997,1997,MB,NA
166,F1,72,NA,1998,1998,MB,NA
167,F2,72,NA,1998,1998,MB,NA
168,F3,72,NA,1998,1998,MB,NA
169,W2,#18,NA,1998,1998,Colsib,NA
170,J1,69,4Y,1998,1998,MB,MB
171,L0,72,NA,1998,1998,MB,NA
172,M8,72,NA,1998,1998,MB,NA
173,Q5,SF024,*33,1998,1998,ColMBsib,Colsib
174,S6,3G,2X,1998,1998,MB,MB
175,V2,i7,1F,1999,1999,MB,MB
176,W4,9J,NA,1999,1999,MB,NA
177,Y7,69,4Y,1999,1999,MB,MB
178,Y9,69,4Y,1999,1999,MB,MB
179,W7,NA,W3,1999,1999,NA,MB
180,W9,i8,1F,1999,1999,MB,MB
181,X0,i6,1F,1999,1999,MB,MB
182,X7,Q3,1L,1999,1999,MB,ColMBsib
183,AD,NA,2U,1999,1999,NA,MB
184,AG,8K,1M,1999,1999,MB,MB
185,AH,8K,1L,1999,1999,MB,MB
186,BO,69,4Y,1999,1999,MB,MB
187,BP,69,4Q,1999,1999,MB,MB
188,BQ,NA,5F,1999,1999,NA,MB
189,BC,Q3,1L,1999,1999,MB,MB
190,BS,3G,NA,1999,1999,MB,NA
191,BK,i8,1F,1999,1999,MB,MB
192,CH,69,5I,1999,1999,MB,MB
193,CJ,NA,5F,1999,1999,NA,MB
194,DB,NA,5F,1999,1999,NA,MB
195,FF012,i4,1F,2000,2000,MB,MB
196,DM001,Q2,65,2000,2000,MB,MB
197,DM002,Q2,NA,2000,2000,MB,NA
198,TF007,8K,NA,2000,2000,MB,NA
199,TF009,8K,NA,2000,2000,MB,NA
200,TM012,H8,2E,2000,2000,MB,MB
201,FF019,i7,1F,2000,2000,MB,MB
202,FF024,i4,1F,2000,2000,MB,MB
203,FM014,i7,1F,2000,2000,MB,MB
204,FM022,i4,1F,2000,2000,MB,MB
205,TM018,D6,2E,2000,2000,MB,MB
206,DF006,Q2,1L,2000,2000,MB,MB
207,DM004,Q2,1L,2000,2000,MB,MB
208,DM005,Q2,1L,2000,2000,MB,MB
209,DM007,Q2,1L,2000,2000,MB,MB
210,CF016,NA,10,2001,2001,NA,MB
211,CF018,NA,5F,2001,2001,NA,MB
212,TF026,8K,NA,2001,2001,MB,NA
213,TF029,H8,2E,2001,2001,MB,MB
214,TM025,H8,2E,2001,2001,MB,MB
215,TM031,8K,NA,2001,2001,Colmat,NA
216,KF004,#18,NA,2001,2001,Colsib,NA
217,KM001,#18,NA,2001,2001,Colsib,NA
218,KM002,#18,NA,2001,2001,Colsib,NA
219,KM003,#18,NA,2001,2001,Colsib,NA
220,TF039,H8,9W,2001,2001,MB,MB
221,TF043,9J,2E,2001,2001,MB,MB
222,TM036,H8,9W,2001,2001,MB,MB
223,TM042,9J,2E,2001,2001,MB,MB
224,TM044,9J,NA,2001,2001,MB,NA
225,DM011,Q2,1L,2001,2001,MB,MB
226,CF021,NA,5I,2001,2001,NA,MB
227,CM025,NA,5I,2001,2001,NA,MB
228,CM028,NA,4Q,2001,2001,NA,MB
229,TF045,8K,1M,2001,2001,MB,Colpat
230,TM046,8K,1M,2001,2001,MB,MB
231,DF013,Q2,1M,2001,2001,MB,MB
232,DM012,Q2,1M,2001,2001,MB,MB
233,DM014,Q2,1M,2001,2001,MB,MB
234,FM031,i7,1F,2001,2001,MB,MB
235,TF058,NA,9W,2001,2001,NA,Colpat
236,TM050,NA,2E,2001,2001,NA,MB
237,TM052,8K,9X,2001,2001,Colmat,MB
238,CF038,NA,4Q,2001,2001,NA,MB
239,CF041,NA,4Q,2001,2001,NA,MB
240,CM040,NA,5I,2001,2001,NA,MB
241,FF037,i7,1F,2001,2001,MB,MB
242,DM015,Q2,1L,2002,2002,MB,MB
243,DF017,Q2,1M,2002,2002,MB,MB
244,DM016,Q2,1M,2002,2002,MB,MB
245,FF055,i4,1F,2002,2002,MB,MB
246,FF056,i4,1F,2002,2002,MB,MB
247,FF058,i7,1F,2002,2002,MB,MB
248,FF060,i7,1F,2002,2002,MB,MB
249,DF018,Q2,1M,2003,2003,MB,MB
250,DF022,Q2,1M,2003,2003,MB,MB
251,DM019,Q2,1M,2003,2003,MB,MB
252,DM021,Q2,1M,2003,2003,MB,MB
253,DM023,Q2,1M,2003,2003,MB,MB
254,FF052,i4,1F,2003,2003,MB,MB
255,VM001,#29,NA,2003,2003,Colsib,NA
256,VM004,#19,NA,2003,2003,Colsib,NA
257,VM005,#19,NA,2003,2003,Colsib,NA
258,DF024,Q2,8R,2003,2003,MB,MB
259,DM027,Q2,1M,2003,2003,MB,MB
260,FF067,i4,8R,2003,2003,MB,Colpat
261,FF069,i4,8R,2003,2003,MB,Colpat
262,FM064,i4,8R,2003,2003,MB,Colpat
263,DF033,Q2,1M,2003,2003,MB,MB
264,DM032,Q2,1M,2003,2003,Colmat,MB
265,DP034,Q2,1M,2003,2003,MB,MB
266,GF001,#27,NA,2003,2003,Colsib,NA
267,PF001,#27,NA,2004,2004,Colsib,NA
268,PF003,NA,*13,2004,2004,NA,Colsib
269,PF006,#27,NA,2004,2004,Colsib,NA
270,PM002,#29,NA,2004,2004,Colsib,NA
271,FM087,i7,1F,2004,2004,MB,MB
272,DF042,Q2,1M,2004,2004,MB,MB
273,DF044,Q2,1M,2004,2004,MB,MB
274,DF045,Q2,1M,2004,2004,MB,MB
275,DM040,Q2,1M,2004,2004,MB,MB
276,TF128,TF120,NA,2004,2004,Colmat,NA
277,TM129,9J,NA,2004,2004,MB,NA
278,TM109,NA,1L,2004,2004,NA,ColMBsib
279,GM019,GF009,GM003,2004,2004,MB,MB
280,DF055,Q2,1M,2004,2004,MB,MB
281,DM052,Q2,1M,2004,2004,MB,MB
282,DM053,Q2,1M,2004,2004,MB,MB
283,TF142,TF126,9W,2004,2004,MB,MB
284,TM143,TF124,NA,2004,2004,MB,NA
285,TM145,TF107,NA,2004,2004,MB,NA
286,TM146,TF126,9W,2004,2004,MB,MB
287,TM147,TF120,NA,2004,2004,MB,NA
288,GM024,GF002,GM003,2005,2005,MB,MB
289,YM002,#19,NA,2005,2005,Colsib,NA
290,YM003,SF024,*33,2005,2005,ColMBsib,Colsib
291,TF153,TF123,TM119,2005,2005,MB,MB
292,TF167,9J,NA,2005,2005,MB,NA
293,TF173,TF120,9W,2005,2005,MB,MB
294,TM161,TF120,9W,2005,2005,MB,MB
295,TM170,TF123,TM119,2005,2005,MB,MB
296,TM171,9J,TM103,2005,2005,MB,MB
297,TM174,TF122,NA,2005,2005,MB,NA
298,GM028,GF007,NA,2005,2005,MB,NA
299,FF109,NA,VM123,2005,2005,NA,ColMBsib
300,YF006,NA,*13,2005,2005,NA,Colsib
301,YM007,SF024,*33,2005,2005,ColMBsib,Colsib
302,TF186,TF120,NA,2006,2006,MB,NA
303,TM182,TF108,NA,2006,2006,MB,NA
304,KF061,#27,NA,2006,2006,Colsib,NA
305,TF191,TF121,NA,2006,2006,Colmat,NA
306,BP298,NA,TM100,2006,2006,NA,Colpat
307,YF011,#27,NA,2007,2007,Colsib,NA
308,YF012,#27,NA,2007,2007,Colsib,NA
309,YF013,#27,NA,2007,2007,Colsib,NA
310,YF025,NA,YM005,2007,2007,NA,MB
311,TM215,TF108,TM115,2008,2008,MB,MB
312,TM219,TF121,NA,2008,2008,Colmat,NA
313,TF244,TF108,TM115,2008,2008,MB,MB
314,TF245,TF108,NA,2008,2008,MB,NA
315,TM236,TF108,NA,2008,2008,MB,NA
316,TM247,TF121,NA,2008,2008,Colmat,NA
317,SF017,#31,NA,2010,2010,Colsib,NA
318,SF019,#31,NA,2010,2010,Colsib,NA
319,SF025,SF024,*33,2011,2011,ColMBsib,Colsib
320,FF196,NA,FM178,2011,2011,NA,MB
321,MM001,NA,*13,2012,2012,NA,Colsib
322,TM304,NA,YM005,2012,2012,NA,ColMBsib
323,TF321,TF121,NA,2012,2012,Colmat,NA
324,MM003,SF024,*33,2012,2012,ColMBsib,Colsib
325,MM004,SF024,*33,2012,2012,ColMBsib,Colsib
326,TF334,NA,VM123,2013,2013,NA,ColMBsib
327,FF198,NA,FM178,2013,2013,NA,Colpat
328,FM199,NA,FM178,2013,2013,NA,Colpat
329,SF043,SF024,SM018,2013,2013,MB,MB
330,SM044,SF024,SM018,2013,2013,MB,MB
331,VF139,NA,VM123,2013,2013,NA,ColMBsib
332,VF140,NA,VM123,2013,2013,NA,ColMBsib
333,VF141,NA,VM123,2013,2013,NA,ColMBsib
334,VF142,NA,VM123,2013,2013,NA,ColMBsib
335,VF143,NA,VM123,2013,2013,NA,ColMBsib
336,XF001,#29,NA,2014,2014,Colsib,NA
337,XF004,NA,*13,2014,2014,NA,Colsib
338,XF005,#23,NA,2014,2014,Colsib,NA
339,XF008,#23,NA,2014,2014,Colsib,NA
340,XF010,#29,NA,2014,2014,Colsib,NA
341,XF011,#29,NA,2014,2014,Colsib,NA
342,XF012,#29,NA,2014,2014,Colsib,NA
343,XM002,NA,*13,2014,2014,NA,Colsib
344,XM003,#23,NA,2014,2014,Colsib,NA
345,XM006,#23,NA,2014,2014,Colsib,NA
346,XM007,#23,NA,2014,2014,Colsib,NA
347,XM009,NA,*13,2014,2014,NA,Colsib
348,XM013,#23,NA,2014,2014,Colsib,NA
1910,XF030,XF014,NA,2015,2015,MB,NA
1911,XF031,XF015,NA,2015,2015,MB,NA
1913,XF035,XF014,NA,2015,2015,MB,NA
1916,24M005,#x46,*x46,2015,2015,Colsib,Colsib
1918,24M002,#x46,*x46,2015,2015,Colsib,Colsib
1920,24M004,#x46,*x46,2015,2015,Colsib,Colsib
1947,FF206,#x57,*x57,2014,2014,Colsib,Colsib
1948,FF207,#x57,*x57,2014,2014,Colsib,Colsib
1952,GM150,NA,*x2,2015,2015,NA,Colsib
1984,XM029,XF014,NA,2015,2015,MB,NA
349,8J,87,39,1996,1996,MB,MB
350,6P,30,39,1996,1996,MB,MB
351,9U,1Q,NA,1997,1997,MB,NA
352,9Y,30,4J,1997,1997,MB,MB
353,9B,3B,NA,1997,1997,MB,NA
354,9F,9,8B,1997,1997,MB,Colpat
355,A3,2J,6F,1997,1997,Colmat,MB
356,H6,30,39,1998,1998,MB,MB
357,L9,8X,8D,1998,1998,MB,MB
358,M2,8X,8D,1998,1998,MB,MB
359,M3,9C,8D,1998,1998,MB,MB
360,M4,9E,NA,1998,1998,MB,NA
361,O2,8Y,8F,1998,1998,MB,MB
362,P4,i6,8T,1998,1998,MB,MB
363,R8,8Y,NA,1999,1999,MB,NA
364,Y8,4M,5F,1999,1999,MB,MB
365,X5,Q5,1L,1999,1999,MB,MB
366,X6,Q5,1I,1999,1999,MB,MB
367,Z0,NA,8D,1999,1999,NA,MB
368,Z1,NA,A5,1999,1999,NA,MB
369,Z4,9E,8D,1999,1999,MB,MB
370,Z8,8X,8D,1999,1999,MB,MB
371,Z9,8Y,NA,1999,1999,MB,NA
372,CG,4M,4Q,1999,1999,MB,MB
373,AU,9E,8D,1999,1999,MB,MB
374,BH,i4,8T,1999,1999,MB,MB
375,BT,B7,D0,1999,1999,MB,Colpat
376,BF004,9E,8D,2000,2000,MB,MB
377,FM010,i4,8U,2000,2000,MB,MB
378,FM011,i4,8U,2000,2000,MB,MB
379,DM003,Q5,1M,2000,2000,MB,MB
380,BF016,9E,8D,2000,2000,MB,MB
381,BM015,9E,8D,2000,2000,MB,MB
382,BM017,9E,8D,2000,2000,MB,MB
383,TM008,87,39,2000,2000,MB,MB
384,TM013,87,39,2000,2000,MB,MB
385,CP005,Y9,4Y,2000,2000,Colmat,MB
386,CP006,Y9,NA,2000,2000,MB,NA
387,CP007,Y9,NA,2000,2000,MB,NA
388,CM008,NA,CJ,2000,2000,NA,MB
389,CM009,Y9,5F,2000,2000,MB,MB
390,HF007,C8,98,2000,2000,MB,MB
391,HF010,C8,9Q,2000,2000,MB,MB
392,HF011,B7,98,2000,2000,MB,MB
393,HF012,C8,98,2000,2000,MB,MB
394,HM005,B7,98,2000,2000,MB,MB
395,HM006,B7,98,2000,2000,MB,MB
396,HM008,C8,98,2000,2000,MB,MB
397,HM009,C8,98,2000,2000,MB,MB
398,HM013,B7,98,2000,2000,MB,MB
399,BF018,9C,8D,2000,2000,MB,MB
400,BF025,9E,NA,2000,2000,MB,NA
401,BF026,9E,8B,2000,2000,MB,MB
402,BM019,8X,8D,2000,2000,MB,MB
403,BM020,9E,NA,2000,2000,MB,NA
404,BM022,9E,8B,2000,2000,MB,MB
405,BM023,8X,8D,2000,2000,MB,MB
406,BM027,9C,8B,2000,2000,MB,MB
407,BM028,9E,8B,2000,2000,MB,MB
408,FF015,i4,8T,2000,2000,MB,MB
409,FF017,i4,8T,2000,2000,MB,MB
410,FM016,i7,8T,2000,2000,MB,MB
411,FM018,i4,8T,2000,2000,MB,MB
412,FM020,i6,8T,2000,2000,MB,MB
413,TF020,87,39,2000,2000,MB,MB
414,TF023,87,39,2000,2000,MB,MB
415,TM014,9J,8D,2000,2000,MB,MB
416,TM015,87,39,2000,2000,MB,MB
417,TM016,87,39,2000,2000,MB,MB
418,TM017,9J,8D,2000,2000,MB,MB
419,TM022,9J,8D,2000,2000,MB,MB
420,DM008,Q5,1M,2000,2000,MB,MB
421,CF010,Y9,5I,2001,2001,MB,MB
422,CF017,Y9,5I,2001,2001,MB,MB
423,CM012,NA,CJ,2001,2001,NA,MB
424,CM013,Y7,5I,2001,2001,MB,MB
425,CM014,Y9,5I,2001,2001,MB,MB
426,CM015,NA,BQ,2001,2001,NA,MB
427,HF016,C8,9Q,2001,2001,MB,MB
428,HF018,B7,9Q,2001,2001,Colmat,MB
429,HF020,B7,9Q,2001,2001,MB,MB
430,HM017,B7,98,2001,2001,MB,MB
431,HM022,B7,9Q,2001,2001,MB,MB
432,HM025,B7,98,2001,2001,MB,MB
433,HM026,C8,9Q,2001,2001,MB,MB
434,BF034,9C,8C,2001,2001,MB,MB
435,BF035,9C,8D,2001,2001,MB,MB
436,BM032,9C,8D,2001,2001,MB,MB
437,BM036,9E,8D,2001,2001,MB,MB
438,BM037,9C,8C,2001,2001,MB,MB
439,BM038,9E,NA,2001,2001,MB,NA
440,BM039,8X,8D,2001,2001,MB,MB
441,BM040,9E,8D,2001,2001,MB,MB
442,BM041,8X,8D,2001,2001,MB,MB
443,BM042,9E,8D,2001,2001,MB,MB
444,TM028,87,39,2001,2001,MB,MB
445,TM030,87,39,2001,2001,MB,MB
446,BF045,8X,8C,2001,2001,MB,MB
447,BF047,9E,8D,2001,2001,MB,MB
448,BF048,8X,8C,2001,2001,MB,MB
449,BM046,9C,8D,2001,2001,MB,MB
450,TF033,87,39,2001,2001,MB,MB
451,TF040,87,39,2001,2001,MB,MB
452,TF041,87,39,2001,2001,MB,MB
453,TM038,87,39,2001,2001,MB,MB
454,DM010,Q5,8R,2001,2001,MB,MB
455,HM028,C8,98,2001,2001,MB,MB
456,CF020,Y9,6S,2001,2001,MB,MB
457,CF022,Y9,5I,2001,2001,MB,MB
458,CF023,Y9,6S,2001,2001,Colmat,MB
459,CF024,DB,6S,2001,2001,MB,MB
460,CF027,DB,6S,2001,2001,MB,MB
461,CM026,Y9,6S,2001,2001,MB,MB
462,FF026,i7,8T,2001,2001,MB,MB
463,FF027,i4,8T,2001,2001,MB,MB
464,FM025,i4,8T,2001,2001,MB,MB
465,FM028,i4,8T,2001,2001,MB,MB
466,FM029,i4,8T,2001,2001,MB,MB
467,FM030,i7,8T,2001,2001,MB,MB
468,BF050,9E,8B,2001,2001,MB,MB
469,BF055,9C,8D,2001,2001,MB,MB
470,BM051,9C,8D,2001,2001,MB,MB
471,BM053,9E,8B,2001,2001,MB,MB
472,BM054,9E,8B,2001,2001,MB,MB
473,BM056,9E,8B,2001,2001,MB,MB
474,HF033,B7,98,2001,2001,MB,MB
475,HM032,C8,9Q,2001,2001,MB,MB
476,HM034,B7,98,2001,2001,MB,MB
477,BP057,8X,8C,2001,2001,MB,MB
478,BP058,8X,8C,2001,2001,MB,MB
479,BF065,9C,8D,2001,2001,MB,MB
480,BF071,9C,8D,2001,2001,MB,MB
481,BM061,9C,8D,2001,2001,MB,MB
482,BM062,9E,8C,2001,2001,MB,MB
483,BM063,9C,8D,2001,2001,MB,MB
484,BM064,9E,8C,2001,2001,MB,MB
485,BM066,9E,8C,2001,2001,MB,MB
486,BM070,9E,8C,2001,2001,MB,MB
487,BM072,9C,8D,2001,2001,MB,MB
488,BM073,9E,8C,2001,2001,MB,MB
489,FF032,i7,8T,2001,2001,MB,MB
490,FM033,i4,8T,2001,2001,MB,MB
491,FM034,i4,8T,2001,2001,MB,MB
492,BF076,9C,8D,2001,2001,MB,MB
493,BF078,9C,8D,2001,2001,MB,MB
494,BF080,8X,8B,2001,2001,MB,MB
495,BM075,8X,8D,2001,2001,MB,MB
496,BM077,8X,8D,2001,2001,MB,MB
497,BM079,9C,8D,2001,2001,MB,MB
498,TF055,TF007,D0,2001,2001,MB,MB
499,TM051,87,39,2001,2001,MB,MB
500,TM056,87,39,2001,2001,MB,MB
501,CF036,Y9,6S,2001,2001,Colmat,MB
502,CF039,Y9,4Y,2001,2001,MB,MB
503,CM037,Y9,4Y,2001,2001,Colmat,MB
504,FF035,i7,8T,2001,2001,MB,MB
505,FF036,i4,8T,2001,2001,MB,MB
506,FF038,i4,8T,2001,2001,MB,MB
507,BF085,8X,8C,2002,2002,MB,MB
508,BF091,8X,8C,2002,2002,MB,MB
509,BF092,9C,8D,2002,2002,MB,MB
510,BF094,8X,8C,2002,2002,MB,MB
511,BM083,9C,8D,2002,2002,MB,MB
512,BM088,9C,8D,2002,2002,MB,MB
513,BM093,8X,8C,2002,2002,MB,MB
514,BF099,9C,8B,2002,2002,MB,MB
515,BM097,9C,8B,2002,2002,MB,MB
516,BM098,9C,8B,2002,2002,MB,MB
517,HF039,C8,9Q,2002,2002,MB,MB
518,HM038,C8,9Q,2002,2002,MB,MB
519,HM040,C8,9Q,2002,2002,MB,MB
520,HM042,C8,NA,2002,2002,MB,NA
521,HM043,C8,NA,2002,2002,MB,NA
522,BF108,9E,NA,2002,2002,MB,NA
523,BF112,9C,8D,2002,2002,MB,MB
524,BF114,9E,8B,2002,2002,MB,MB
525,BM103,9C,8D,2002,2002,MB,MB
526,BM105,9C,8D,2002,2002,MB,MB
527,BM106,9E,8B,2002,2002,MB,MB
528,BM107,8X,8D,2002,2002,MB,MB
529,BM110,9C,8D,2002,2002,MB,MB
530,BM111,8X,8B,2002,2002,MB,MB
531,BF119,8X,8D,2002,2002,MB,MB
532,BF121,9E,8D,2002,2002,MB,MB
533,BF123,9E,8D,2002,2002,MB,MB
534,BF124,9C,8D,2002,2002,MB,MB
535,BM116,8X,8D,2002,2002,MB,MB
536,BM117,9C,8D,2002,2002,MB,MB
537,BM118,8X,8D,2002,2002,MB,MB
538,BM122,9C,8D,2002,2002,MB,MB
539,BM125,9C,8D,2002,2002,MB,MB
540,FF057,i4,8T,2002,2002,MB,MB
541,FM039,i4,8T,2002,2002,MB,MB
542,FM042,i4,8T,2002,2002,MB,MB
543,HM044,C8,C9,2002,2002,MB,MB
544,BF127,9E,8D,2002,2002,MB,MB
545,BF128,9C,8D,2002,2002,MB,MB
546,BF129,9C,8D,2002,2002,MB,MB
547,BF134,9C,8D,2002,2002,MB,MB
548,BF138,8X,8D,2002,2002,MB,MB
549,BM130,9E,8D,2002,2002,MB,MB
550,BM131,9E,8D,2002,2002,MB,MB
551,BM132,8X,8D,2002,2002,MB,MB
552,BM136,8X,8D,2002,2002,MB,MB
553,BM139,8X,8D,2002,2002,MB,MB
554,HF045,C8,C9,2002,2002,MB,MB
555,HF048,C8,C9,2002,2002,MB,MB
556,HM046,C8,C9,2002,2002,MB,MB
557,HM047,C8,C9,2002,2002,MB,MB
558,VF007,HF001,VM004,2003,2003,MB,MB
559,VM002,YF012,NA,2003,2003,ColMBsib,NA
560,BM144,8X,NA,2003,2003,MB,NA
561,BM149,8X,NA,2003,2003,MB,NA
562,BM151,9C,NA,2003,2003,Colmat,NA
563,HF056,C8,9Q,2003,2003,MB,MB
564,HF057,C8,9Q,2003,2003,MB,MB
565,HF063,C8,9Q,2003,2003,MB,MB
566,HM054,C8,9Q,2003,2003,MB,MB
567,HM061,C8,9Q,2003,2003,MB,MB
568,BF154,9C,8B,2003,2003,MB,MB
569,BF156,9E,8B,2003,2003,MB,MB
570,BF159,9E,8B,2003,2003,MB,MB
571,BF161,8X,8B,2003,2003,MB,MB
572,BF162,9E,8B,2003,2003,MB,MB
573,BM157,9C,8B,2003,2003,MB,MB
574,BM158,9C,8B,2003,2003,MB,MB
575,BP155,9C,8B,2003,2003,MB,MB
576,FF059,i7,8T,2003,2003,MB,MB
577,FM063,i4,8T,2003,2003,MB,MB
578,FM068,i7,8T,2003,2003,MB,MB
579,KM013,T7,BO,2003,2003,MB,MB
580,CF048,TF007,4Y,2003,2003,MB,MB
581,DF029,DF017,DM007,2003,2003,MB,MB
582,FM076,i4,8T,2003,2003,MB,MB
583,BF184,9E,8B,2003,2003,MB,MB
584,BF187,9E,8B,2003,2003,MB,MB
585,BM183,9E,8B,2003,2003,MB,MB
586,HM065,C8,9Q,2003,2003,MB,MB
587,HM066,C8,9Q,2003,2003,MB,MB
588,HF071,C8,9Q,2004,2004,MB,MB
589,HM070,C8,9Q,2004,2004,MB,MB
590,TF110,NA,BC,2004,2004,NA,MB
591,PM004,YF012,NA,2004,2004,ColMBsib,NA
592,BF202,9C,8B,2004,2004,MB,Colpat
593,BF203,8X,8B,2004,2004,MB,MB
594,BM200,9C,8B,2004,2004,MB,MB
595,BM204,NA,VM004,2004,2004,NA,MB
596,BM205,8X,8B,2004,2004,MB,MB
597,BM210,9C,8B,2004,2004,MB,MB
598,BM212,8X,8B,2004,2004,MB,MB
599,BM217,9C,8B,2004,2004,MB,MB
600,BM223,8X,8B,2004,2004,MB,MB
601,HF079,C8,9Q,2004,2004,MB,MB
602,HM081,C8,9Q,2004,2004,MB,MB
603,FF077,FF058,1F,2004,2004,MB,MB
604,FF085,i4,8T,2004,2004,MB,MB
605,FF090,i4,8T,2004,2004,MB,MB
606,FM079,FF024,W9,2004,2004,MB,MB
607,FM080,i4,8T,2004,2004,MB,MB
608,FM081,FF024,NA,2004,2004,MB,NA
609,FM083,FF058,FM014,2004,2004,MB,MB
610,FM084,i7,8T,2004,2004,MB,MB
611,FM088,i4,8T,2004,2004,MB,MB
612,FM089,i4,8T,2004,2004,MB,MB
613,DF038,DF017,NA,2004,2004,MB,NA
614,DF046,DF017,NA,2004,2004,MB,NA
615,DM039,DF024,DM023,2004,2004,MB,MB
616,BF226,8X,8B,2004,2004,MB,MB
617,BF227,8X,8B,2004,2004,MB,MB
618,BF232,8X,8B,2004,2004,MB,MB
619,BM231,8X,8B,2004,2004,MB,MB
620,HF085,C8,9Q,2004,2004,MB,MB
621,HM082,C8,9Q,2004,2004,MB,MB
622,BF247,8X,8B,2004,2004,MB,MB
623,BF250,8X,8B,2004,2004,MB,MB
624,BF252,8X,8B,2004,2004,MB,MB
625,BM251,8X,8B,2004,2004,MB,MB
626,FF091,i4,8T,2004,2004,MB,MB
627,FF092,i4,8T,2004,2004,MB,MB
628,YM001,NA,YM007,2005,2005,NA,ColMBsib
629,YM004,NA,YM007,2005,2005,NA,ColMBsib
630,TM155,TF120,D0,2005,2005,MB,MB
631,TM158,TF120,D0,2005,2005,MB,MB
632,TM132,9J,TM129,2005,2005,MB,MB
633,FF104,FF067,FM014,2005,2005,MB,MB
634,FM097,FF058,FM014,2005,2005,MB,MB
635,BM276,8X,8B,2005,2005,MB,MB
636,YF008,NA,YM007,2005,2005,NA,ColMBsib
637,FF122,FF067,FM014,2006,2006,MB,MB
638,TM185,TF128,TM115,2006,2006,MB,MB
639,BM286,8X,NA,2006,2006,MB,NA
640,TM190,NA,D0,2006,2006,NA,MB
641,TM192,TF153,TM113,2006,2006,MB,MB
642,TM193,TF128,TM109,2006,2006,MB,MB
643,FF127,FF058,DM023,2006,2006,MB,MB
644,BP297,NA,TM145,2006,2006,NA,MB
645,DF087,DF006,1M,2006,2006,MB,MB
646,DM085,DF006,1M,2006,2006,MB,MB
647,DM088,DF006,1M,2006,2006,MB,MB
648,FF137,FF069,NA,2006,2006,MB,NA
649,DF092,DF033,DM027,2006,2006,MB,MB
650,DM093,DF024,DM023,2006,2006,MB,MB
651,DM095,DF024,DM023,2006,2006,MB,MB
652,DM098,DF022,NA,2006,2006,MB,NA
653,YM021,YF012,YM002,2007,2007,MB,MB
654,YM022,KF061,YM005,2007,2007,MB,MB
655,YM023,YF013,YM002,2007,2007,Colmat,MB
656,YM026,YF013,YM005,2007,2007,MB,MB
657,DF102,DF055,DM023,2007,2007,MB,MB
658,DF103,DF022,NA,2007,2007,MB,NA
659,DF105,DF022,NA,2007,2007,MB,NA
660,DF110,DF006,BC,2007,2007,MB,MB
661,DF111,DF006,BC,2007,2007,MB,MB
662,DF119,DF006,BC,2007,2007,MB,MB
663,DF120,DF006,NA,2007,2007,MB,NA
664,DM114,DF055,DM023,2007,2007,MB,MB
665,DM116,DF006,BC,2007,2007,MB,MB
666,DM118,DF006,BC,2007,2007,MB,MB
667,GF047,GF001,GM006,2007,2007,MB,MB
668,GF052,GF001,GM006,2007,2007,MB,MB
669,GM050,GF001,GM006,2007,2007,MB,MB
670,GM051,GF001,GM006,2007,2007,MB,MB
671,YF035,YF012,YM007,2007,2007,MB,MB
672,YF039,YF013,YM002,2007,2007,MB,MB
673,YM037,YF012,YM005,2007,2007,MB,MB
674,YM038,YF013,YM002,2007,2007,MB,MB
675,DM121,DF017,BC,2008,2008,MB,MB
676,DM122,DF017,BC,2008,2008,MB,MB
677,DM124,DF006,DM023,2008,2008,MB,MB
678,YF049,YF012,YM002,2008,2008,MB,MB
679,YM043,YF013,YM005,2008,2008,MB,MB
680,YM044,YF013,YM005,2008,2008,MB,MB
681,YM046,YF011,YM002,2008,2008,MB,MB
682,YM047,YF012,YM007,2008,2008,MB,MB
683,TF229,TF153,TM113,2008,2008,MB,MB
684,TM233,TF153,TM113,2008,2008,MB,MB
685,SF012,FF069,NA,2008,2008,MB,NA
686,TF241,TF121,TM145,2008,2008,MB,MB
687,TF242,TF107,TM145,2008,2008,MB,MB
688,TM237,TF153,TM113,2008,2008,MB,MB
689,TM243,TF153,TM111,2008,2008,MB,MB
690,TM248,TF121,TM145,2008,2008,MB,MB
691,YF055,KF061,YM005,2008,2008,MB,MB
692,YF058,YF013,YM002,2008,2008,MB,MB
693,YM056,KF061,YM005,2008,2008,MB,MB
694,YM057,YF013,YM002,2008,2008,MB,MB
695,DF130,DF055,DM027,2008,2008,MB,MB
696,DF132,DF055,DM027,2008,2008,MB,MB
697,DF134,DF006,DM023,2008,2008,MB,MB
698,DF136,DF006,DM023,2008,2008,MB,MB
699,DF137,DF055,DM023,2008,2008,MB,MB
700,DM131,DF055,DM027,2008,2008,MB,MB
701,DM138,DF006,DM023,2008,2008,MB,MB
702,DM142,DF006,DM023,2008,2008,MB,MB
703,TM253,TF108,TM145,2009,2009,MB,MB
704,TM255,TF108,TM145,2009,2009,MB,MB
705,YF061,KF061,YM002,2009,2009,MB,MB
706,YF062,KF061,YM002,2009,2009,MB,MB
707,YM060,YF013,YM007,2009,2009,MB,MB
708,YM063,KF061,YM002,2009,2009,MB,MB
709,YM064,YF012,YM007,2009,2009,MB,MB
710,YM066,YF012,YM002,2009,2009,MB,MB
711,DM154,DF006,NA,2009,2009,MB,NA
712,YF070,YF013,YM002,2009,2009,MB,MB
713,YF071,YF012,YM002,2009,2009,Colmat,Colpat
714,YF074,YF011,YM002,2009,2009,MB,MB
715,YF075,YF012,YM002,2009,2009,MB,MB
716,YF076,KF061,YM002,2009,2009,MB,MB
717,YF078,YF012,NA,2009,2009,MB,NA
718,YM068,YF011,YM002,2009,2009,MB,MB
719,YM072,YF012,YM002,2009,2009,MB,MB
720,YM077,KF061,YM002,2009,2009,MB,MB
721,TF264,TF121,TM236,2009,2009,MB,MB
722,TF265,TF121,TM236,2009,2009,MB,MB
723,TM263,TF121,TM236,2009,2009,MB,MB
724,YF079,YF012,YM002,2009,2009,Colmat,Colpat
725,YF081,YF011,NA,2009,2009,MB,NA
726,YM080,YF012,YM007,2009,2009,MB,MB
727,YM084,YF013,YM002,2009,2009,MB,MB
728,DF167,DF055,DM027,2010,2010,MB,MB
729,DM168,DF055,DM027,2010,2010,MB,MB
730,TF273,TF107,TM145,2010,2010,MB,MB
731,TM271,TF107,TM236,2010,2010,MB,MB
732,UF009,YF012,NA,2010,2010,ColMBsib,NA
733,UF010,YF012,NA,2010,2010,ColMBsib,NA
734,UF012,YF012,NA,2010,2010,ColMBsib,NA
735,UM011,YF012,NA,2010,2010,ColMBsib,NA
736,YF088,YF011,YM002,2010,2010,MB,MB
737,YF089,KF061,YM002,2010,2010,MB,MB
738,YF091,NA,YM002,2010,2010,NA,MB
739,YM092,YF012,YM002,2010,2010,MB,MB
740,YM093,YF012,YM002,2010,2010,MB,MB
741,DM170,DF055,DM027,2010,2010,MB,MB
742,TF284,TF245,NA,2010,2010,MB,NA
743,TF289,TF107,TM236,2010,2010,MB,MB
744,TF290,TF107,TM145,2010,2010,MB,MB
745,TF291,TF107,TM236,2010,2010,MB,MB
746,TF292,TF107,TM236,2010,2010,MB,MB
747,DM179,DF055,DM023,2010,2010,MB,MB
748,DM180,DF055,DM023,2010,2010,MB,MB
749,DF182,DF017,TM125,2010,2010,MB,MB
750,YF097,KF061,YM002,2010,2010,MB,MB
751,YM095,KF061,YM002,2010,2010,MB,MB
752,YM096,KF061,YM002,2010,2010,MB,MB
753,UF014,YF012,NA,2011,2011,ColMBsib,NA
754,UM013,YF012,NA,2011,2011,ColMBsib,NA
755,UM015,YF012,NA,2011,2011,ColMBsib,NA
756,DM186,DF055,NA,2011,2011,Colmat,NA
757,DF190,DF055,DM027,2011,2011,MB,MB
758,DM191,DF055,DM023,2011,2011,MB,MB
759,DM193,DF055,DM023,2011,2011,MB,MB
760,DM196,DF055,DM023,2011,2011,MB,MB
761,DF200,DF055,DM027,2012,2012,MB,MB
762,DF208,DF055,DM027,2012,2012,MB,MB
763,DM199,DF055,DM027,2012,2012,MB,MB
764,DM203,DF055,DM027,2012,2012,MB,MB
765,DM213,DF055,DM027,2012,2012,MB,MB
766,DM215,DF055,DM027,2012,2012,MB,MB
767,DM219,DF055,DM027,2013,2013,MB,MB
768,VM146,VF142,VM123,2013,2013,MB,MB
769,ZM001,VF142,VM123,2014,2014,ColMBsib,ColMBsib
1912,XF034,XF015,XM007,2015,2015,MB,MB
1914,XM033,XF015,XM006,2015,2015,MB,MB
1915,XM037,XF004,NA,2015,2015,MB,NA
1917,24M001,XF015,XM006,2015,2015,ColMBsib,ColMBsib
1919,24M003,XF015,XM006,2015,2015,ColMBsib,ColMBsib
1949,FF208,XF015,XM006,2014,2014,ColMBsib,ColMBsib
1983,XF028,XF008,XM003,2015,2015,MB,MB
770,O3,9B,8D,1998,1998,MB,MB
771,AQ,9B,8C,1999,1999,MB,MB
772,AR,9B,8C,1999,1999,MB,MB
773,AV,9B,NA,1999,1999,MB,NA
774,BJ,M3,9W,1999,1999,MB,MB
775,TF001,9U,NA,2000,2000,MB,NA
776,BF031,9B,8C,2000,2000,MB,MB
777,BM021,Z8,R8,2000,2000,MB,MB
778,BM024,Z8,R8,2000,2000,MB,MB
779,BM029,9B,8D,2000,2000,MB,MB
780,BM030,9B,8D,2000,2000,MB,MB
781,FF013,P4,8T,2000,2000,MB,MB
782,TF019,9U,NA,2000,2000,MB,NA
783,TF024,9U,Z4,2000,2000,MB,MB
784,TM021,9U,NA,2000,2000,MB,NA
785,HF015,M3,98,2001,2001,MB,MB
786,HF021,M3,98,2001,2001,MB,MB
787,HF023,M3,C9,2001,2001,MB,MB
788,HF024,M3,C9,2001,2001,MB,MB
789,HM019,M3,98,2001,2001,MB,MB
790,BF043,9B,8C,2001,2001,MB,MB
791,BM033,9B,8C,2001,2001,MB,MB
792,TM034,9U,NA,2001,2001,MB,NA
793,TM047,9U,2E,2001,2001,MB,MB
794,HF029,M3,C9,2001,2001,MB,MB
795,HF031,M3,98,2001,2001,MB,MB
796,HM030,M3,C9,2001,2001,MB,MB
797,BF068,9B,8B,2001,2001,MB,MB
798,BM069,9B,8B,2001,2001,MB,MB
799,BF081,BF025,8D,2001,2001,MB,MB
800,BM074,9B,8C,2001,2001,MB,MB
801,TF049,NA,Z4,2001,2001,NA,Colpat
802,TF053,9U,2E,2001,2001,MB,MB
803,TF054,TF020,NA,2001,2001,MB,NA
804,TF060,TF020,NA,2001,2001,MB,NA
805,BF084,BF018,NA,2002,2002,MB,NA
806,BF090,BF018,BM036,2002,2002,MB,Colpat
807,BM082,9B,BM028,2002,2002,MB,MB
808,BM086,9B,NA,2002,2002,MB,NA
809,BM087,9B,NA,2002,2002,MB,NA
810,BM089,9B,NA,2002,2002,MB,NA
811,BM095,BF018,BM036,2002,2002,MB,Colpat
812,BF100,9B,8D,2002,2002,MB,MB
813,BF102,9B,8D,2002,2002,MB,MB
814,BM101,9B,8D,2002,2002,MB,MB
815,HM041,M3,C9,2002,2002,MB,MB
816,BF113,BF018,W3,2002,2002,MB,ColMBsib
817,BM104,BF018,W3,2002,2002,MB,ColMBsib
818,BM109,9E,BM020,2002,2002,MB,MB
819,KF007,Z8,CMUK4,2002,2002,MB,MB
820,BM115,BF025,BM028,2002,2002,MB,MB
821,BM120,BF025,8B,2002,2002,MB,Colpat
822,FF041,FF015,DM007,2002,2002,MB,MB
823,FM040,FF027,BH,2002,2002,MB,MB
824,BF135,9B,8D,2002,2002,MB,MB
825,BF137,9B,8D,2002,2002,MB,MB
826,BF140,9B,8D,2002,2002,MB,MB
827,BM126,9B,8D,2002,2002,MB,MB
828,BM133,9B,8D,2002,2002,MB,MB
829,FF071,FF017,X6,2002,2002,MB,MB
830,FM048,FF027,DM007,2002,2002,MB,MB
831,FM054,FF017,BC,2002,2002,MB,MB
832,HM049,M3,9Q,2002,2002,MB,MB
833,DM020,DF006,X6,2003,2003,MB,MB
834,BF145,8X,BM036,2003,2003,MB,MB
835,BF148,8X,BM036,2003,2003,MB,MB
836,BF152,9B,8B,2003,2003,MB,MB
837,BM146,9B,BM036,2003,2003,MB,MB
838,BM150,9B,NA,2003,2003,MB,NA
839,BM153,9C,BM117,2003,2003,MB,MB
840,KF008,AU,Y8,2003,2003,MB,MB
841,KF011,AU,Y8,2003,2003,MB,MB
842,KM009,AU,Y8,2003,2003,MB,MB
843,DF025,DF006,X6,2003,2003,MB,MB
844,DF026,DF006,FM016,2003,2003,MB,MB
845,HF055,M2,HM028,2003,2003,MB,MB
846,HF058,M2,BT,2003,2003,MB,MB
847,BF160,9B,VM005,2003,2003,MB,MB
848,BF163,9B,VM005,2003,2003,MB,MB
849,FF066,FF027,FM014,2003,2003,MB,MB
850,FM062,FF027,FM014,2003,2003,MB,MB
851,FM072,FF032,FM014,2003,2003,MB,MB
852,FM073,FF032,1F,2003,2003,MB,MB
853,FP074,FF017,BH,2003,2003,MB,Colpat
854,KF012,AU,NA,2003,2003,MB,NA
855,KF014,AU,NA,2003,2003,MB,NA
856,BF168,8X,VM002,2003,2003,MB,MB
857,BF172,9B,8B,2003,2003,MB,MB
858,BF175,9B,8B,2003,2003,MB,MB
859,BF176,8X,VM002,2003,2003,MB,MB
860,BM165,9B,8B,2003,2003,MB,MB
861,BM166,9B,8B,2003,2003,MB,MB
862,BM173,8X,VM002,2003,2003,MB,MB
863,VF003,HF016,VM005,2003,2003,MB,MB
864,VM006,NA,VM002,2003,2003,NA,MB
865,VF009,HF016,VM001,2003,2003,MB,MB
866,VF010,HF016,VM001,2003,2003,MB,MB
867,DF030,DF017,X6,2003,2003,MB,MB
868,DM031,DF006,X6,2003,2003,MB,MB
869,BF185,BF121,BM036,2003,2003,MB,MB
870,BF186,NA,BM028,2003,2003,NA,Colpat
871,BM182,BF121,BM028,2003,2003,MB,Colpat
872,BM188,BF121,BM036,2003,2003,MB,MB
873,BM189,BF121,BM036,2003,2003,MB,MB
874,HF068,C8,BT,2003,2003,MB,MB
875,HM067,C8,BT,2003,2003,MB,MB
876,HM069,C8,BT,2003,2003,MB,MB
877,BF209,9B,VM004,2004,2004,MB,MB
878,BF214,BF134,VM005,2004,2004,MB,MB
879,BF215,BF121,VM001,2004,2004,MB,MB
880,BM198,BF121,VM001,2004,2004,MB,MB
881,BM206,9B,8B,2004,2004,MB,MB
882,BM213,9B,8B,2004,2004,MB,MB
883,BM216,BF134,VM005,2004,2004,MB,MB
884,KM022,AU,10,2004,2004,MB,MB
885,KM023,AU,NA,2004,2004,MB,NA
886,KM024,AU,CM011,2004,2004,MB,Colpat
887,KM025,AU,CM011,2004,2004,MB,Colpat
888,HF080,M3,9Q,2004,2004,MB,MB
889,VM013,HF016,VM005,2004,2004,MB,MB
890,FF086,FF017,W9,2004,2004,MB,MB
891,FM078,FF017,W9,2004,2004,MB,MB
892,DF037,DF006,X6,2004,2004,MB,MB
893,KF028,AU,BQ,2004,2004,MB,MB
894,KF030,AU,BQ,2004,2004,MB,MB
895,KM031,AU,BQ,2004,2004,MB,MB
896,KM032,AU,NA,2004,2004,MB,NA
897,KM033,AU,NA,2004,2004,MB,NA
898,GF017,GF007,HM005,2004,2004,MB,MB
899,GF018,GF007,HM005,2004,2004,MB,MB
900,GM016,GF007,HM005,2004,2004,MB,MB
901,TM127,NA,H6,2004,2004,NA,MB
902,BF224,9B,VM004,2004,2004,MB,MB
903,BF230,9B,VM004,2004,2004,MB,MB
904,BF236,BF121,BM054,2004,2004,MB,MB
905,BM228,9B,VM001,2004,2004,MB,MB
906,BM235,BF121,BM036,2004,2004,MB,MB
907,HF083,M3,9Q,2004,2004,MB,MB
908,HM087,HF033,BT,2004,2004,MB,MB
909,VF018,HF016,VM005,2004,2004,MB,MB
910,VM016,HF016,VM005,2004,2004,MB,MB
911,VM017,HF016,VM005,2004,2004,MB,MB
912,TM130,TF126,BM111,2004,2004,MB,MB
913,EF002,CF043,PM004,2004,2004,MB,MB
914,EF003,CF046,PM004,2004,2004,MB,MB
915,EF005,CF043,PM004,2004,2004,MB,MB
916,EM001,CF046,PM004,2004,2004,MB,MB
917,EM004,CF046,PM004,2004,2004,MB,MB
918,GF020,GF007,HM047,2004,2004,MB,MB
919,DF050,DF024,X6,2004,2004,MB,MB
920,DF051,DF006,X6,2004,2004,MB,MB
921,DM054,DF006,X6,2004,2004,MB,MB
922,TM141,TF122,H6,2004,2004,MB,MB
923,BF246,9B,8B,2004,2004,MB,MB
924,BM248,9B,8B,2004,2004,MB,MB
925,FF093,FF017,BH,2004,2004,MB,MB
926,FM094,FF017,BH,2004,2004,MB,MB
927,EM007,CF046,PM004,2005,2005,MB,MB
928,GF022,GF007,HM034,2005,2005,MB,MB
929,GF023,GF009,HM005,2005,2005,MB,MB
930,GF025,GF007,HM034,2005,2005,MB,MB
931,GM026,GF007,HM005,2005,2005,MB,MB
932,DF056,DF006,X6,2005,2005,MB,MB
933,DM057,DF006,X6,2005,2005,MB,MB
934,DM058,DF006,X6,2005,2005,MB,MB
935,DM059,DF006,X6,2005,2005,MB,MB
936,BF256,9B,VM001,2005,2005,MB,MB
937,BM258,9B,VM001,2005,2005,MB,MB
938,BF262,9B,VM001,2005,2005,MB,MB
939,BM260,9B,VM001,2005,2005,MB,MB
940,KM046,AU,BQ,2005,2005,MB,MB
941,KM048,AU,BQ,2005,2005,MB,MB
942,KM051,AU,BQ,2005,2005,MB,MB
943,NF005,BF121,TM100,2005,2005,MB,MB
944,NF010,BF121,TM100,2005,2005,MB,MB
945,NM013,BF121,TM100,2005,2005,MB,MB
946,TF159,TF108,TM015,2005,2005,MB,MB
947,TF164,TF107,BM139,2005,2005,MB,MB
948,TM166,TF121,H6,2005,2005,MB,MB
949,TM172,TF108,TM015,2005,2005,MB,MB
950,DF061,DF006,X6,2005,2005,MB,MB
951,VF024,HF016,VM001,2005,2005,MB,MB
952,VM023,HF016,VM001,2005,2005,MB,MB
953,VM025,HF016,VM001,2005,2005,MB,MB
954,VM026,HF016,VM001,2005,2005,MB,MB
955,HM091,HF063,HM042,2005,2005,MB,MB
956,FF101,i7,BH,2005,2005,MB,MB
957,FF106,FF067,FM039,2005,2005,MB,MB
958,FF108,FF059,FM033,2005,2005,MB,MB
959,FM098,FF059,BH,2005,2005,MB,Colpat
960,FM100,FF069,FM033,2005,2005,MB,MB
961,FM102,i7,BH,2005,2005,MB,MB
962,FM103,i7,BH,2005,2005,MB,MB
963,FM105,FF017,BH,2005,2005,MB,MB
964,KM053,AU,BQ,2005,2005,MB,MB
965,KM056,AU,BQ,2005,2005,MB,MB
966,BM266,9B,8B,2005,2005,MB,MB
967,DF064,DF006,X6,2005,2005,MB,MB
968,DF065,DF006,X6,2005,2005,MB,MB
969,DM063,DF006,X6,2005,2005,MB,MB
970,HF100,HF039,HM009,2005,2005,MB,MB
971,HM099,HF039,HM009,2005,2005,MB,MB
972,VM029,HF016,VM001,2005,2005,MB,MB
973,BF272,BF202,BM111,2005,2005,MB,MB
974,BF274,BF203,BM111,2005,2005,MB,MB
975,BM280,9B,BM139,2005,2005,MB,MB
976,BP281,9B,BM139,2005,2005,MB,MB
977,DF068,DF006,X6,2005,2005,MB,MB
978,DM067,DF006,X6,2005,2005,Colmat,MB
979,TM180,TF126,TM015,2005,2005,MB,MB
980,DF072,DF006,X6,2006,2006,Colmat,Colpat
981,FF119,FF058,FM025,2006,2006,MB,MB
982,FF123,FF059,BH,2006,2006,MB,Colpat
983,FM118,FF058,FM025,2006,2006,MB,MB
984,FM121,FF017,FM068,2006,2006,MB,MB
985,TM188,TF107,BM139,2006,2006,MB,MB
986,BF288,8X,TM132,2006,2006,MB,Colpat
987,BM285,BF025,BM036,2006,2006,MB,MB
988,BM292,BF025,BM036,2006,2006,MB,MB
989,BM293,BF025,BM036,2006,2006,MB,MB
990,TM194,TF121,H6,2006,2006,MB,MB
991,DM076,DF006,FM034,2006,2006,MB,MB
992,DM077,DF006,FM034,2006,2006,MB,MB
993,FM130,FF091,FM087,2006,2006,MB,MB
994,NF029,BF121,NA,2006,2006,MB,NA
995,NP020,BF121,TM113,2006,2006,MB,MB
996,GF032,GF002,HM034,2006,2006,MB,MB
997,GM033,GF001,HM042,2006,2006,MB,MB
998,GM034,GF002,HM034,2006,2006,MB,MB
999,GM035,GF001,HM005,2006,2006,MB,MB
1000,DM089,DF022,FM034,2006,2006,MB,MB
1001,BF317,8X,BM036,2006,2006,MB,MB
1002,BF318,8X,BM036,2006,2006,MB,MB
1003,BM316,8X,BM036,2006,2006,MB,MB
1004,DF096,DF022,FM088,2006,2006,MB,MB
1005,DM090,DF006,FM068,2006,2006,MB,MB
1006,DM091,DF006,FM068,2006,2006,MB,MB
1007,HM123,HF059,HM005,2006,2006,MB,MB
1008,BF320,BF025,TM113,2007,2007,MB,MB
1009,BM321,BF025,TM113,2007,2007,MB,MB
1010,BP328,BF025,TM132,2007,2007,MB,MB
1011,HM131,HF039,HM005,2007,2007,MB,MB
1012,BF348,BF202,BM111,2007,2007,MB,MB
1013,HF132,HF039,HM005,2007,2007,MB,MB
1014,HF138,HF039,HM005,2007,2007,MB,MB
1015,FF144,FF058,BH,2007,2007,MB,MB
1016,BF358,BF202,TM111,2007,2007,MB,MB
1017,BM354,BF202,BM054,2007,2007,MB,MB
1018,HF148,HF039,HM005,2007,2007,MB,MB
1019,HM149,HF039,HM005,2007,2007,MB,MB
1020,YM036,KF061,YM004,2007,2007,MB,MB
1021,TF220,TF153,TM190,2008,2008,MB,MB
1022,TM214,TF121,TM190,2008,2008,MB,MB
1023,TM218,TF108,TM190,2008,2008,MB,MB
1024,FF146,FF058,BH,2008,2008,MB,MB
1025,FF148,FF058,BH,2008,2008,MB,MB
1026,HF164,HF059,HM005,2008,2008,MB,MB
1027,HM165,HF039,HM005,2008,2008,MB,MB
1028,HM166,HF039,HM005,2008,2008,MB,MB
1029,FM149,FF058,BH,2008,2008,MB,MB
1030,BF402,BF025,TM109,2008,2008,MB,MB
1031,BM403,BF025,TM109,2008,2008,MB,MB
1032,DM133,DF103,NA,2008,2008,MB,NA
1033,DM135,DF110,DM023,2008,2008,MB,MB
1034,HF176,HF039,NA,2008,2008,Colmat,NA
1035,HM175,HF039,HM009,2008,2008,MB,MB
1036,HM177,HF039,HM005,2008,2008,MB,MB
1037,FM157,FF058,BH,2008,2008,MB,MB
1038,BM451,BF025,TM125,2009,2009,MB,MB
1039,BM455,BF025,TM125,2009,2009,MB,MB
1040,DF169,DF017,BM111,2010,2010,MB,MB
1041,DM172,DF017,BM111,2010,2010,MB,MB
1042,TM283,TF242,TM113,2010,2010,MB,MB
1043,FF190,FF137,FM177,2011,2011,MB,MB
1044,DF187,DF130,DM047,2011,2011,MB,MB
1045,DM189,DF137,DM027,2011,2011,MB,MB
1046,DM194,DF130,NA,2011,2011,MB,NA
1047,FM195,FF137,FM177,2011,2011,MB,MB
1048,TF298,TF284,TM132,2012,2012,Colmat,MB
1049,TF299,TF284,TM132,2012,2012,MB,MB
1050,TF302,TF284,TM125,2012,2012,MB,MB
1051,TF303,TF264,TM233,2012,2012,MB,MB
1052,TM309,TF264,TM233,2012,2012,MB,MB
1053,TM316,TF242,TM111,2012,2012,MB,MB
1054,DM205,DF130,DM027,2012,2012,MB,MB
1055,TF319,TF284,TM119,2012,2012,Colmat,MB
1056,TF320,TF284,TM125,2012,2012,MB,MB
1057,TM318,TF241,TM132,2012,2012,MB,MB
1058,TM323,TF241,TM132,2012,2012,MB,MB
1059,DF216,DF130,DM186,2012,2012,MB,MB
1060,DM211,DF130,DM186,2012,2012,MB,MB
1061,TF333,TF241,TM233,2013,2013,MB,MB
1062,TM335,TF241,TM233,2013,2013,MB,MB
1063,TF340,TF241,TM233,2013,2013,MB,MB
1064,TM337,TF241,TM233,2013,2013,MB,MB
1065,TM339,TF241,TM233,2013,2013,MB,MB
1066,DF235,DF208,DM180,2014,2014,MB,MB
1943,DF223,DF130,DM027,2013,2013,MB,MB
1945,DF226,DF130,NA,2013,2013,MB,NA
1067,TF027,TF001,9W,2001,2001,MB,MB
1068,TM037,TF001,D0,2001,2001,MB,MB
1069,TF057,TF024,NA,2001,2001,MB,NA
1070,VM008,HF021,VM002,2003,2003,MB,MB
1071,HF050,HF031,BJ,2003,2003,MB,MB
1072,HM051,C8,HM041,2003,2003,MB,MB
1073,HM052,HF039,HM041,2003,2003,MB,MB
1074,HM053,C8,HM041,2003,2003,MB,MB
1075,BM143,BF100,BM054,2003,2003,MB,MB
1076,BM147,BF100,BM054,2003,2003,MB,MB
1077,KF010,AV,Y8,2003,2003,MB,MB
1078,HF062,M2,BJ,2003,2003,MB,MB
1079,HM060,HF031,BJ,2003,2003,MB,MB
1080,BF164,BF100,BM028,2003,2003,MB,MB
1081,BF167,BF100,BM028,2003,2003,MB,MB
1082,BF170,BF099,BM024,2003,2003,MB,MB
1083,BF171,BF137,BM104,2003,2003,MB,MB
1084,BF174,BF025,BM024,2003,2003,MB,MB
1085,BM169,BF025,BM024,2003,2003,MB,MB
1086,CF049,TF060,6S,2003,2003,MB,MB
1087,KM018,AV,BQ,2003,2003,MB,MB
1088,BF208,BF148,BM104,2004,2004,MB,MB
1089,BF221,BF100,BM028,2004,2004,MB,MB
1090,BF222,BF137,BM111,2004,2004,MB,MB
1091,BM199,BF135,BM029,2004,2004,MB,MB
1092,BM201,BF100,BM030,2004,2004,MB,MB
1093,BM207,BF100,BM028,2004,2004,MB,MB
1094,BM211,BF135,BM104,2004,2004,MB,MB
1095,KM026,AV,BQ,2004,2004,MB,MB
1096,HM078,C8,BJ,2004,2004,MB,MB
1097,FF082,FF066,FM014,2004,2004,MB,MB
1098,DM041,DF026,X6,2004,2004,MB,MB
1099,DM043,DF026,X6,2004,2004,MB,MB
1100,KF029,AV,CM011,2004,2004,MB,Colpat
1101,KF034,AV,CM011,2004,2004,MB,MB
1102,KF036,KF008,BQ,2004,2004,MB,MB
1103,KM027,AV,CM011,2004,2004,MB,Colpat
1104,KM035,KF011,BQ,2004,2004,MB,MB
1105,BF233,BF135,BM054,2004,2004,MB,MB
1106,BF234,BF148,BM030,2004,2004,MB,MB
1107,BM225,BF135,BM054,2004,2004,MB,Colpat
1108,BM229,BF135,BM054,2004,2004,MB,MB
1109,HM084,HF031,HM028,2004,2004,MB,MB
1110,HM086,HF033,BJ,2004,2004,MB,MB
1111,VF019,HF021,VM001,2004,2004,MB,MB
1112,BP238,BF148,BM036,2004,2004,MB,MB
1113,DF049,DF026,X6,2004,2004,MB,MB
1114,KF038,AV,BQ,2004,2004,MB,MB
1115,KF040,AV,Y8,2004,2004,MB,MB
1116,KM037,AV,BQ,2004,2004,MB,MB
1117,KM039,AV,Y8,2004,2004,MB,MB
1118,KM041,AV,BQ,2004,2004,MB,MB
1119,KM042,AV,Y8,2004,2004,MB,MB
1120,TF144,TF001,D0,2004,2004,MB,MB
1121,BF249,BF162,BM030,2004,2004,MB,MB
1122,KF047,AV,BQ,2005,2005,MB,MB
1123,KF049,KF011,BQ,2005,2005,MB,MB
1124,KM050,AV,Y8,2005,2005,MB,MB
1125,KM052,KF011,Y8,2005,2005,MB,MB
1126,NF003,BF186,TM100,2005,2005,MB,MB
1127,NF009,BF186,NA,2005,2005,MB,NA
1128,NF014,BF137,TM125,2005,2005,MB,MB
1129,NM004,BF186,TM118,2005,2005,MB,MB
1130,NM006,BF137,NA,2005,2005,MB,NA
1131,NM007,BF137,D0,2005,2005,MB,Colpat
1132,NM011,BF135,NA,2005,2005,MB,NA
1133,NM012,BF135,TM100,2005,2005,MB,MB
1134,TF156,TF001,D0,2005,2005,MB,MB
1135,TF157,TF121,BM029,2005,2005,MB,MB
1136,TM154,TF001,D0,2005,2005,MB,MB
1137,TM163,TF001,D0,2005,2005,MB,MB
1138,TM165,TF107,BM030,2005,2005,MB,MB
1139,TM169,TF001,H6,2005,2005,MB,MB
1140,HF093,HF068,HM034,2005,2005,MB,MB
1141,HM092,HF068,HM042,2005,2005,MB,MB
1142,HM097,HF039,BJ,2005,2005,MB,MB
1143,HM098,HF039,BJ,2005,2005,MB,MB
1144,FF099,FF066,FM014,2005,2005,MB,MB
1145,FF107,FF066,FM014,2005,2005,MB,MB
1146,KF054,AV,BQ,2005,2005,MB,MB
1147,KF055,AV,BQ,2005,2005,MB,MB
1148,BF267,BF214,BM146,2005,2005,MB,MB
1149,BF269,BF214,BM146,2005,2005,MB,MB
1150,VM027,HF021,VM001,2005,2005,MB,MB
1151,VM028,HF021,VM001,2005,2005,MB,MB
1152,BM270,BF203,BM029,2005,2005,MB,MB
1153,BF273,BF214,BM146,2005,2005,MB,MB
1154,BM278,BF162,BM029,2005,2005,MB,MB
1155,FM120,FF066,BH,2006,2006,MB,MB
1156,TF189,TF121,BM030,2006,2006,MB,MB
1157,TM183,TF121,BM030,2006,2006,MB,MB
1158,BF284,BF214,BM030,2006,2006,MB,MB
1159,BF289,BF214,BM030,2006,2006,MB,MB
1160,BF291,BF202,BM030,2006,2006,MB,MB
1161,BM287,BF215,BM139,2006,2006,MB,MB
1162,BM290,BF202,BM030,2006,2006,MB,MB
1163,BM294,BF214,BM030,2006,2006,MB,MB
1164,TF195,TF159,TM111,2006,2006,MB,MB
1165,VF040,HF016,KM031,2006,2006,MB,MB
1166,VM039,HF016,KM031,2006,2006,MB,MB
1167,DM078,DF006,FM072,2006,2006,MB,MB
1168,FF126,FF066,BH,2006,2006,MB,MB
1169,FF129,FF066,BH,2006,2006,MB,MB
1170,FM128,FF067,FM054,2006,2006,MB,MB
1171,FM131,FF066,BH,2006,2006,MB,MB
1172,BP299,NA,BM029,2006,2006,NA,MB
1173,NF026,NF010,TM100,2006,2006,MB,MB
1174,NM028,BF186,TM100,2006,2006,MB,MB
1175,GF036,GF025,HM041,2006,2006,MB,MB
1176,GF037,GF022,HM042,2006,2006,MB,MB
1177,HF114,HF039,BJ,2006,2006,MB,MB
1178,HF116,HF039,BJ,2006,2006,MB,MB
1179,HF118,HF080,HM005,2006,2006,MB,MB
1180,HF120,HF063,FM072,2006,2006,MB,MB
1181,HM119,HF039,BJ,2006,2006,MB,MB
1182,DF086,DF017,FM054,2006,2006,MB,MB
1183,DM084,DF033,FM072,2006,2006,MB,MB
1184,BF308,BF203,BM029,2006,2006,MB,MB
1185,BF309,BF214,BM029,2006,2006,MB,MB
1186,BM307,BF262,BM212,2006,2006,MB,MB
1187,BM310,BF025,KM031,2006,2006,MB,MB
1188,BM311,BF215,BM030,2006,2006,MB,MB
1189,BM312,BF025,KM031,2006,2006,MB,MB
1190,BP300,BF262,BM212,2006,2006,MB,MB
1191,FF133,FF058,HM069,2006,2006,MB,MB
1192,FF135,FF058,HM069,2006,2006,MB,MB
1193,FF138,FF066,HM041,2006,2006,MB,MB
1194,FM132,FF058,HM069,2006,2006,MB,MB
1195,FM134,FF069,HM041,2006,2006,MB,MB
1196,BF315,BF215,BM139,2006,2006,MB,MB
1197,BF319,BF215,BM139,2006,2006,MB,MB
1198,DM094,DF022,FM073,2006,2006,MB,MB
1199,DM097,DF026,BC,2006,2006,MB,MB
1200,VF053,HF016,KM031,2006,2006,MB,MB
1201,VM057,HF016,KM031,2006,2006,MB,MB
1202,HF124,HF039,BJ,2006,2006,MB,MB
1203,HF125,HF039,BJ,2006,2006,MB,MB
1204,HM127,HF039,BJ,2006,2006,MB,MB
1205,TF199,TF001,TM109,2007,2007,MB,MB
1206,BM326,BF262,BM210,2007,2007,MB,MB
1207,VF059,HF016,KM031,2007,2007,MB,MB
1208,VF062,VF010,KM051,2007,2007,MB,MB
1209,DM101,DF022,FM054,2007,2007,MB,MB
1210,FM142,FF066,BH,2007,2007,MB,MB
1211,BF338,BF214,BM030,2007,2007,MB,MB
1212,BF341,BF215,BM216,2007,2007,MB,MB
1213,BM346,8X,BM228,2007,2007,MB,MB
1214,VF071,VF010,KM031,2007,2007,MB,MB
1215,DF115,DF051,DM023,2007,2007,MB,MB
1216,DF117,DF051,DM027,2007,2007,MB,MB
1217,FF145,FF066,BH,2007,2007,MB,MB
1218,BF364,BF202,BM266,2007,2007,MB,MB
1219,BF365,BF202,BM030,2007,2007,MB,MB
1220,BF367,BF025,BM216,2007,2007,MB,MB
1221,BM356,BF025,BM216,2007,2007,MB,MB
1222,BM357,BF262,TM129,2007,2007,MB,MB
1223,BM362,BF202,BM266,2007,2007,MB,MB
1224,BM366,BF215,BM111,2007,2007,MB,MB
1225,TM213,NF010,TM115,2008,2008,MB,MB
1226,TM217,TF159,TM113,2008,2008,MB,MB
1227,TM221,TF159,TM113,2008,2008,MB,MB
1228,FM147,FF127,FM073,2008,2008,MB,MB
1229,BF373,BF262,BM228,2008,2008,MB,MB
1230,BF374,BF262,BM228,2008,2008,MB,MB
1231,BF378,BF025,TM180,2008,2008,MB,MB
1232,BF381,BF025,TM180,2008,2008,MB,MB
1233,VM079,NA,KM048,2008,2008,NA,MB
1234,BF397,BF214,BM028,2008,2008,MB,MB
1235,BF399,BF214,BM028,2008,2008,MB,MB
1236,BM392,BF214,BM028,2008,2008,MB,MB
1237,BM393,BF214,BM028,2008,2008,MB,MB
1238,BM394,BF214,BM028,2008,2008,MB,MB
1239,BM396,BF214,BM028,2008,2008,MB,MB
1240,BM398,BF215,BM054,2008,2008,MB,MB
1241,VF083,VF010,KM051,2008,2008,MB,MB
1242,VM082,VF010,KM051,2008,2008,MB,MB
1243,VM084,VF010,KM032,2008,2008,MB,MB
1244,VM085,VF010,KM032,2008,2008,MB,MB
1245,HM163,HF080,BJ,2008,2008,MB,MB
1246,DM126,DF017,DM090,2008,2008,MB,MB
1247,FF151,FF108,FM073,2008,2008,MB,MB
1248,FF152,FF108,FM073,2008,2008,MB,MB
1249,FF153,FF137,FM073,2008,2008,MB,MB
1250,YF048,KF061,KM053,2008,2008,MB,MB
1251,YM042,KF061,KM053,2008,2008,MB,MB
1252,YM045,KF061,KM053,2008,2008,MB,MB
1253,VF086,HF016,KM048,2008,2008,MB,MB
1254,VF088,HF016,KM032,2008,2008,MB,MB
1255,VF092,HF016,KM032,2008,2008,MB,MB
1256,VM087,HF016,KM048,2008,2008,MB,MB
1257,GF053,GF022,GM006,2008,2008,MB,MB
1258,TF234,TF159,TM113,2008,2008,MB,MB
1259,BF408,BF214,BM111,2008,2008,MB,MB
1260,BF411,BF215,BM030,2008,2008,MB,MB
1261,BF412,BF214,BM111,2008,2008,MB,MB
1262,BF415,BF215,BM030,2008,2008,MB,MB
1263,BM410,BF214,BM111,2008,2008,MB,MB
1264,BM414,BF214,BM111,2008,2008,MB,MB
1265,BM417,BF348,BM029,2008,2008,MB,MB
1266,BM419,BF214,BM111,2008,2008,MB,MB
1267,TF249,TF159,TM129,2008,2008,MB,MB
1268,TM238,TF159,TM129,2008,2008,MB,MB
1269,TM239,TF159,TM129,2008,2008,MB,MB
1270,TM240,TF159,TM129,2008,2008,MB,MB
1271,VM096,HF016,KM031,2008,2008,MB,MB
1272,VM097,HF016,KM031,2008,2008,MB,MB
1273,DF139,DF017,DM090,2008,2008,MB,MB
1274,DM143,DF017,DM090,2008,2008,MB,MB
1275,DM144,DF017,DM090,2008,2008,MB,MB
1276,HF179,NA,BJ,2008,2008,NA,MB
1277,FF154,FF127,FM073,2008,2008,MB,MB
1278,FM155,FF066,BH,2008,2008,MB,MB
1279,GM056,GF022,HM005,2008,2008,MB,MB
1280,BF422,NA,BM228,2008,2008,NA,Colpat
1281,BF424,BF214,DM054,2008,2008,MB,MB
1282,BF429,BF214,DM054,2008,2008,MB,MB
1283,BM423,BF215,TM180,2008,2008,MB,MB
1284,BM427,BF214,DM054,2008,2008,MB,MB
1285,GF057,GF022,GM006,2009,2009,MB,MB
1286,GF059,GF022,GM006,2009,2009,MB,MB
1287,GM058,GF022,GM006,2009,2009,MB,MB
1288,YF065,YF013,KM053,2009,2009,MB,MB
1289,BM434,BF214,BM111,2009,2009,MB,MB
1290,BM435,BF214,BM111,2009,2009,MB,MB
1291,BM436,BF215,BM028,2009,2009,MB,MB
1292,BM438,BF214,BM111,2009,2009,MB,MB
1293,BM440,BF214,BM111,2009,2009,MB,MB
1294,DF151,DF017,DM077,2009,2009,MB,MB
1295,DF157,DF017,DM077,2009,2009,MB,MB
1296,DM152,DF017,DM077,2009,2009,MB,MB
1297,DM153,DF055,DM133,2009,2009,MB,MB
1298,GF062,GF022,GM006,2009,2009,MB,MB
1299,GM060,GF022,GM006,2009,2009,MB,MB
1300,GM061,GF023,GM035,2009,2009,MB,MB
1301,HM185,HF080,GM050,2009,2009,MB,MB
1302,YF069,NA,KM053,2009,2009,NA,MB
1303,YM067,NA,KM053,2009,2009,NA,Colpat
1304,YM073,YF011,KM053,2009,2009,MB,MB
1305,BF454,BF348,TM180,2009,2009,MB,MB
1306,BM445,BF348,TM180,2009,2009,MB,MB
1307,BM446,BF215,TM145,2009,2009,MB,MB
1308,BM448,BF215,TM145,2009,2009,MB,MB
1309,BM449,BF348,TM180,2009,2009,MB,MB
1310,GF064,GF022,GM006,2009,2009,MB,MB
1311,GM065,GF022,GM006,2009,2009,MB,MB
1312,YM082,YF025,KM053,2009,2009,MB,MB
1313,YM083,YF011,KM053,2009,2009,MB,MB
1314,GM066,GF047,GM026,2009,2009,MB,MB
1315,GM067,GF022,GM006,2009,2009,MB,MB
1316,BF466,BF214,BM030,2009,2009,MB,MB
1317,BF467,BF214,BM030,2009,2009,MB,MB
1318,BM459,BF214,BM030,2009,2009,MB,MB
1319,BM464,BF025,TM218,2009,2009,MB,MB
1320,BM465,BF214,BM030,2009,2009,MB,MB
1321,GF074,GF022,BJ,2010,2010,MB,MB
1322,GF075,GF022,BJ,2010,2010,MB,MB
1323,GF076,GF022,BJ,2010,2010,MB,MB
1324,GM080,GF052,GM035,2010,2010,MB,MB
1325,YF086,YF012,KM053,2010,2010,MB,MB
1326,YF087,YF012,KM053,2010,2010,Colmat,MB
1327,YM090,YF012,KM053,2010,2010,MB,MB
1328,BF483,BF215,TM180,2010,2010,MB,MB
1329,BF485,BF215,TM180,2010,2010,MB,MB
1330,BF487,BF215,TM180,2010,2010,MB,MB
1331,BM481,BF215,TM180,2010,2010,MB,MB
1332,FM172,FF137,FM073,2010,2010,MB,MB
1333,TM293,NA,TM180,2010,2010,NA,MB
1334,BF493,BF215,BM216,2010,2010,MB,MB
1335,BM496,BF215,BM216,2010,2010,MB,MB
1336,YM094,YF011,KM053,2010,2010,MB,MB
1337,GM089,GF023,GM035,2010,2010,MB,MB
1338,BP516,BF215,TM132,2011,2011,MB,MB
1339,GF093,GF023,GM035,2011,2011,MB,MB
1340,GF094,GF023,GM035,2011,2011,MB,MB
1341,GM090,GF023,GM035,2011,2011,MB,MB
1342,DM188,DF055,DM054,2011,2011,MB,MB
1343,SF026,SF019,HM069,2011,2011,MB,MB
1344,SF027,SF019,HM069,2011,2011,MB,MB
1345,TF296,TF242,TM218,2012,2012,MB,MB
1346,TF301,TF241,BM216,2012,2012,MB,MB
1347,GF108,GF023,GM035,2012,2012,MB,MB
1348,TM317,TF241,TM218,2012,2012,MB,MB
1349,GP109,GF023,GM035,2012,2012,MB,MB
1350,SF034,SF024,HM069,2012,2012,MB,MB
1351,GM110,GF023,GM035,2012,2012,MB,MB
1352,GM112,GF023,GM035,2012,2012,MB,MB
1353,GM114,GF023,GM035,2012,2012,MB,MB
1354,GF118,GF023,GM035,2013,2013,MB,MB
1355,GM117,GF023,GM035,2013,2013,MB,MB
1356,TM367,TF319,TM283,2014,2014,MB,MB
1877,TF394,TF298,TM283,2014,2014,MB,MB
1884,TF405,TF319,TM233,2015,2015,MB,MB
1891,TM387,TF299,TM233,2014,2014,MB,MB
1892,TM388,TF298,TM283,2014,2014,MB,MB
1899,TM402,TF319,TM233,2015,2015,MB,MB
1904,TM434,TF319,TM283,2015,2015,MB,MB
1942,DF222,DF169,DM168,2013,2013,MB,MB
1944,DF225,DF169,DM168,2013,2013,MB,MB
1946,DM224,DF169,DM168,2013,2013,MB,MB
1978,TP407,TF319,TM233,2015,2015,MB,MB
1357,TM184,TF120,TM169,2006,2006,MB,MB
1358,VF033,HF021,KM041,2006,2006,MB,MB
1359,VF035,VF019,KM042,2006,2006,MB,MB
1360,VF037,VF010,KM041,2006,2006,MB,MB
1361,VM036,HF021,KM018,2006,2006,MB,MB
1362,VM038,VF010,KM041,2006,2006,MB,MB
1363,NM025,NF008,TM163,2006,2006,MB,MB
1364,NM027,BF121,TM163,2006,2006,MB,MB
1365,HF115,HF062,HM041,2006,2006,MB,MB
1366,HM117,HF062,HM041,2006,2006,MB,MB
1367,VM047,HF021,KM041,2006,2006,MB,MB
1368,FM136,FF069,HM052,2006,2006,MB,MB
1369,VF051,HF021,KM018,2006,2006,MB,MB
1370,VF052,VF010,KM041,2006,2006,MB,MB
1371,VF056,VF010,KM041,2006,2006,MB,MB
1372,VM049,HF016,KM018,2006,2006,MB,MB
1373,VM050,HF021,KM018,2006,2006,MB,MB
1374,VM054,VF010,KM018,2006,2006,MB,MB
1375,VM055,HF021,KM018,2006,2006,MB,MB
1376,HM126,HF059,HM060,2006,2006,MB,MB
1377,BM327,BF267,TM163,2007,2007,MB,MB
1378,VF060,VF010,KM018,2007,2007,MB,MB
1379,VF066,HF016,KM042,2007,2007,MB,MB
1380,GF048,GF023,HM098,2007,2007,MB,MB
1381,GM049,GF023,HM098,2007,2007,MB,MB
1382,BF353,BF315,BM212,2007,2007,MB,MB
1383,BF355,BF267,BM210,2007,2007,MB,MB
1384,BF361,BF267,TM192,2007,2007,MB,MB
1385,BF363,BF309,BM228,2007,2007,MB,MB
1386,BM352,BF309,BM228,2007,2007,MB,MB
1387,BM359,BF309,BM228,2007,2007,MB,MB
1388,BM360,BF309,BM228,2007,2007,MB,MB
1389,VF074,VF010,KM018,2008,2008,MB,MB
1390,VF075,VF010,KM018,2008,2008,MB,MB
1391,VF076,VF010,KM018,2008,2008,MB,MB
1392,VM077,VF010,KM042,2008,2008,MB,MB
1393,TF216,TF195,TM113,2008,2008,MB,MB
1394,BF377,BF309,TM163,2008,2008,MB,MB
1395,BM376,BF267,TM113,2008,2008,MB,MB
1396,HF151,HF125,HM052,2008,2008,MB,MB
1397,HM150,HF120,HM098,2008,2008,MB,MB
1398,BF395,BF309,BM216,2008,2008,MB,MB
1399,DF125,DF086,NA,2008,2008,MB,NA
1400,FM150,FF138,FM105,2008,2008,MB,MB
1401,VF091,VF019,KM031,2008,2008,MB,MB
1402,VF094,VF019,KM031,2008,2008,MB,MB
1403,VM089,VF019,KM031,2008,2008,MB,MB
1404,VM090,VF019,KM031,2008,2008,MB,MB
1405,TM228,TF195,TM145,2008,2008,MB,MB
1406,SF007,FF069,HM092,2008,2008,MB,MB
1407,SF008,FF067,HM092,2008,2008,MB,Colpat
1408,SF010,FF069,HM092,2008,2008,MB,MB
1409,SF011,FF067,HM092,2008,2008,MB,Colpat
1410,SM006,FF069,HM092,2008,2008,MB,MB
1411,SM009,FF067,HM092,2008,2008,MB,MB
1412,SM013,FF091,HM092,2008,2008,MB,MB
1413,BF418,BF267,BM228,2008,2008,MB,MB
1414,BM409,BF215,TM183,2008,2008,MB,MB
1415,BM413,BF341,BM312,2008,2008,MB,MB
1416,BM416,BF341,BM312,2008,2008,MB,MB
1417,BM420,BF267,BM228,2008,2008,MB,MB
1418,TF235,TF195,TM145,2008,2008,MB,MB
1419,TM246,TF195,TM145,2008,2008,MB,MB
1420,DF140,DF103,DM084,2008,2008,MB,MB
1421,DM129,DF105,DM084,2008,2008,MB,MB
1422,DM141,DF105,DM084,2008,2008,MB,MB
1423,HF178,HF120,GM019,2008,2008,MB,MB
1424,HM180,HF118,HM005,2008,2008,MB,MB
1425,FM156,FF138,FM105,2008,2008,MB,MB
1426,BM425,BF267,TM183,2008,2008,MB,MB
1427,BM431,BF267,TM183,2008,2008,MB,MB
1428,TF251,TF195,TM115,2009,2009,MB,MB
1429,TF254,TF195,TM115,2009,2009,MB,MB
1430,TM250,TF195,TM115,2009,2009,MB,MB
1431,HF182,HF118,HM098,2009,2009,MB,MB
1432,HF183,HF118,HM098,2009,2009,MB,MB
1433,HF184,HF118,HM098,2009,2009,MB,MB
1434,HM181,HF120,GM051,2009,2009,MB,MB
1435,BF433,BF267,BM210,2009,2009,MB,MB
1436,BF439,BF267,BM210,2009,2009,MB,MB
1437,BM441,BF338,BM212,2009,2009,MB,MB
1438,DF156,DF117,DM077,2009,2009,MB,MB
1439,DM150,DF006,DM126,2009,2009,MB,Colpat
1440,BF452,BF365,BM054,2009,2009,MB,MB
1441,BM447,BF267,TM115,2009,2009,MB,Colpat
1442,BM453,BF267,TM115,2009,2009,MB,MB
1443,FF158,FF138,FM102,2009,2009,MB,MB
1444,VF105,VF019,KM031,2009,2009,MB,MB
1445,VM108,VF019,KM031,2009,2009,MB,MB
1446,VM109,VF019,KM031,2009,2009,MB,MB
1447,DF166,DF017,FM132,2009,2009,MB,MB
1448,DM164,DF017,FM132,2009,2009,MB,MB
1449,DM165,DF017,FM132,2009,2009,MB,MB
1450,TF268,TF107,HM092,2009,2009,MB,MB
1451,FF164,FF145,FM073,2009,2009,MB,MB
1452,BF470,BF411,BM212,2009,2009,MB,MB
1453,BF471,BF267,BM210,2009,2009,MB,MB
1454,BF472,BF267,BM210,2009,2009,MB,MB
1455,BM468,BF267,BM210,2009,2009,MB,MB
1456,VF111,VF019,KM048,2010,2010,MB,MB
1457,FF165,FF133,FM073,2010,2010,MB,MB
1458,FF166,NA,FM142,2010,2010,NA,MB
1459,FF167,FF133,FM073,2010,2010,MB,MB
1460,HF198,HF120,HM098,2010,2010,MB,MB
1461,HF199,HF120,HM098,2010,2010,MB,MB
1462,BF474,BF411,BM312,2010,2010,MB,MB
1463,TM270,TF245,TM169,2010,2010,MB,MB
1464,TM272,TF249,TM132,2010,2010,MB,MB
1465,VF116,VF019,KM048,2010,2010,MB,MB
1466,VM115,VF019,KM048,2010,2010,MB,MB
1467,BF484,BF411,TM180,2010,2010,MB,MB
1468,BM482,BF267,BM210,2010,2010,MB,MB
1469,BM486,BF411,TM180,2010,2010,MB,MB
1470,DM171,DF006,DM143,2010,2010,MB,MB
1471,VF118,VF019,KM051,2010,2010,MB,MB
1472,VM119,VF019,KM048,2010,2010,MB,MB
1473,VM120,VF019,KM048,2010,2010,MB,MB
1474,VP117,VF019,NA,2010,2010,MB,NA
1475,FF170,FF133,NA,2010,2010,MB,NA
1476,FF174,FF145,FM073,2010,2010,MB,MB
1477,FM169,FF133,NA,2010,2010,MB,NA
1478,FM171,FF133,NA,2010,2010,MB,NA
1479,FM173,FF145,FM073,2010,2010,MB,MB
1480,FM175,FF133,NA,2010,2010,MB,NA
1481,TF287,TF241,TM213,2010,2010,MB,MB
1482,HF215,HF120,NA,2010,2010,MB,NA
1483,DF176,DF017,FM142,2010,2010,MB,MB
1484,DF178,DF017,FM142,2010,2010,MB,MB
1485,DM177,DF017,FM142,2010,2010,MB,MB
1486,BF501,BF411,BM210,2011,2011,MB,MB
1487,BM504,BF215,TM240,2011,2011,MB,MB
1488,BM505,BF215,TM240,2011,2011,MB,MB
1489,BM506,BF215,TM240,2011,2011,MB,MB
1490,BM507,BF215,TM240,2011,2011,MB,MB
1491,FF184,FF133,FM176,2011,2011,MB,MB
1492,FF186,FF145,FM176,2011,2011,MB,MB
1493,FF187,FF152,FM176,2011,2011,MB,MB
1494,FM183,FF145,FM177,2011,2011,MB,MB
1495,FM185,FF145,FM176,2011,2011,MB,MB
1496,FM188,FF152,FM176,2011,2011,MB,MB
1497,FM189,FF133,FM177,2011,2011,MB,MB
1498,FM191,FF133,FM177,2011,2011,MB,MB
1499,BF522,BF454,BM419,2011,2011,MB,MB
1500,BF526,BF483,BM445,2011,2011,MB,MB
1501,BM524,BF454,BM419,2011,2011,MB,MB
1502,BF534,BF411,BM310,2011,2011,MB,MB
1503,BF535,BF411,BM310,2011,2011,MB,MB
1504,UF019,UF012,YM083,2011,2011,MB,MB
1505,UM020,UF012,YM083,2011,2011,MB,MB
1506,GF103,GF074,GM035,2011,2011,MB,MB
1507,GF104,GF075,GM051,2011,2011,MB,MB
1508,GM099,GF074,GM035,2011,2011,MB,MB
1509,GM102,GF074,GM035,2011,2011,MB,MB
1510,BF566,BF487,TM283,2012,2012,MB,MB
1511,BM564,BF487,TM283,2012,2012,MB,MB
1512,TF297,TF234,*13,2012,2012,MB,Colsib
1513,TF311,TF234,*13,2012,2012,MB,Colsib
1514,TM308,TF249,TM125,2012,2012,MB,MB
1515,TM312,TF264,BM410,2012,2012,MB,MB
1516,DF201,DF139,HM092,2012,2012,MB,MB
1517,DF207,DF169,DM143,2012,2012,MB,MB
1518,DM198,DF139,SM020,2012,2012,MB,MB
1519,DM206,DF017,GM065,2012,2012,Colmat,Colpat
1520,HF248,HF125,GM060,2012,2012,MB,MB
1521,HF249,HF125,GM060,2012,2012,MB,MB
1522,TF322,TF234,TM103,2012,2012,MB,MB
1523,BF592,BF487,BM438,2012,2012,MB,MB
1524,SF038,SF024,HM092,2012,2012,MB,MB
1525,SM039,SF024,HM092,2012,2012,MB,MB
1526,TM338,TF249,TM233,2013,2013,MB,MB
1527,DF221,DF139,MM002,2013,2013,MB,MB
1528,DM220,DF139,MM002,2013,2013,MB,MB
1529,BF625,BF487,BM410,2013,2013,MB,MB
1530,TF346,TF249,TM233,2013,2013,MB,MB
1531,BP633,BF487,BM436,2013,2013,MB,MB
1532,BP634,BF487,BM436,2013,2013,MB,MB
1533,DF227,DF139,DM126,2013,2013,MB,MB
1534,DF229,DF169,DM126,2013,2013,MB,MB
1535,BF639,BF487,BM436,2013,2013,MB,MB
1536,BM637,BF487,BM436,2013,2013,MB,MB
1537,GF131,GF093,GM060,2013,2013,MB,MB
1538,DM236,DF139,DM126,2014,2014,MB,MB
1861,GM136,GF093,GM080,2014,2014,MB,MB
1866,GM144,GF093,GM060,2015,2015,MB,MB
1868,GM147,GF093,GM060,2015,2015,MB,MB
1889,TM383,TF249,TM233,2014,2014,MB,MB
1967,HM278,HF125,FM176,2014,2014,MB,MB
1981,VM164,VF142,VM096,2015,2015,MB,MB
1982,VM165,VF142,VM096,2015,2015,MB,MB
1539,P6,NA,DM165,1998,1998,NA,ColMBsib
1540,VF080,VF035,KM032,2008,2008,MB,MB
1541,BF426,BF361,BM228,2008,2008,MB,MB
1542,BF428,BF361,BM228,2008,2008,MB,MB
1543,BM430,BF361,BM228,2008,2008,MB,MB
1544,TF252,TF216,TM129,2009,2009,MB,MB
1545,BF437,BF363,BM212,2009,2009,MB,MB
1546,VM106,VF092,VM050,2009,2009,MB,MB
1547,VM107,VF035,KM051,2009,2009,MB,MB
1548,BF469,BF361,BM285,2009,2009,MB,MB
1549,HM195,HF178,HM163,2010,2010,MB,MB
1550,HM196,HF164,HM117,2010,2010,MB,MB
1551,HM197,HF164,HM117,2010,2010,MB,MB
1552,BF473,BF411,BM352,2010,2010,MB,MB
1553,TM269,TF235,TM132,2010,2010,MB,MB
1554,TM279,TF235,TM180,2010,2010,Colmat,MB
1555,GF077,GF022,GM049,2010,2010,MB,MB
1556,GF078,GF022,GM049,2010,2010,MB,MB
1557,GF079,GF022,GM049,2010,2010,MB,MB
1558,GF083,GF052,HM117,2010,2010,MB,MB
1559,GM081,NA,GM049,2010,2010,NA,MB
1560,GM082,GF052,HM117,2010,2010,MB,MB
1561,TF285,TF235,TM113,2010,2010,MB,MB
1562,TM286,TF235,NA,2010,2010,MB,NA
1563,TM288,TF235,TM113,2010,2010,MB,MB
1564,HM214,HF164,HM117,2010,2010,MB,MB
1565,BM495,BF411,BM420,2010,2010,MB,MB
1566,HF219,HF118,GM049,2010,2010,MB,MB
1567,HF220,HF178,HM166,2010,2010,MB,MB
1568,HF221,HF178,HM166,2010,2010,MB,MB
1569,HF224,HF118,GM049,2010,2010,MB,MB
1570,HM216,HF178,HM166,2010,2010,MB,MB
1571,HM217,HF118,GM049,2010,2010,MB,MB
1572,HM218,HF164,HM117,2010,2010,MB,MB
1573,HM222,HF118,GM049,2010,2010,MB,MB
1574,HM223,HF118,GM049,2010,2010,MB,MB
1575,HM225,HF164,HM117,2010,2010,MB,MB
1576,GF084,GF022,GM049,2010,2010,MB,MB
1577,GF085,GF022,GM049,2010,2010,MB,MB
1578,GF086,GF022,GM049,2010,2010,MB,MB
1579,GM087,GF022,GM049,2010,2010,MB,MB
1580,GM088,NA,GM049,2010,2010,NA,MB
1581,BF499,BF439,BM410,2011,2011,MB,MB
1582,BM500,BF454,BM416,2011,2011,MB,MB
1583,BM502,BF439,BM410,2011,2011,MB,MB
1584,VF124,VF033,KM051,2011,2011,ColMBsib,Colpat
1585,VF125,VF033,KM051,2011,2011,ColMBsib,MB
1586,GF092,GF022,GM049,2011,2011,MB,MB
1587,GM091,GF022,GM049,2011,2011,MB,MB
1588,HF227,HF178,HM117,2011,2011,MB,MB
1589,HM226,HF184,GM051,2011,2011,MB,MB
1590,HM228,HF178,HM166,2011,2011,MB,MB
1591,HM229,HF178,HM166,2011,2011,MB,MB
1592,HM230,HF164,HM117,2011,2011,MB,MB
1593,VM126,VF033,KM051,2011,2011,ColMBsib,MB
1594,VM127,VF033,KM051,2011,2011,ColMBsib,MB
1595,DF184,DF055,BM420,2011,2011,MB,MB
1596,SM021,SF024,SM009,2011,2011,ColMBsib,MB
1597,BF523,BF484,BM420,2011,2011,MB,MB
1598,GF096,GF022,GM049,2011,2011,MB,MB
1599,GM097,GF022,GM049,2011,2011,MB,MB
1600,VF128,VF033,KM051,2011,2011,ColMBsib,MB
1601,VM129,VF033,KM051,2011,2011,ColMBsib,MB
1602,VM130,VF033,KM051,2011,2011,ColMBsib,MB
1603,SM028,SF019,SM013,2011,2011,MB,MB
1604,BF546,BF439,BM486,2011,2011,MB,MB
1605,BM542,BF484,BM410,2011,2011,MB,MB
1606,BM544,BF483,BM420,2011,2011,MB,MB
1607,DM192,DF139,HM117,2011,2011,MB,MB
1608,DM195,DF178,DM168,2011,2011,MB,MB
1609,GF100,NA,GM049,2011,2011,NA,MB
1610,GM098,GF022,GM049,2011,2011,MB,MB
1611,HF236,HF178,HM166,2012,2012,MB,MB
1612,HF237,HF183,GM060,2012,2012,MB,MB
1613,HF239,HF178,HM166,2012,2012,MB,MB
1614,BF554,BF439,BM410,2012,2012,MB,MB
1615,BF555,BF439,BM410,2012,2012,MB,MB
1616,BM548,BF439,HM069,2012,2012,MB,MB
1617,BM549,BF411,DM165,2012,2012,MB,MB
1618,BF561,BF439,BM410,2012,2012,MB,MB
1619,BF569,BF484,TM283,2012,2012,MB,MB
1620,BM558,BF439,TM271,2012,2012,MB,MB
1621,BM559,BF439,TM145,2012,2012,MB,Colpat
1622,BM563,BF484,TM283,2012,2012,MB,MB
1623,BM565,BF439,BM410,2012,2012,MB,MB
1624,TF310,TF235,TM145,2012,2012,MB,MB
1625,TM300,TF284,BM486,2012,2012,MB,MB
1626,TM305,TF234,BM486,2012,2012,MB,MB
1627,TM306,TF235,TM145,2012,2012,MB,MB
1628,TM307,TF284,BM486,2012,2012,MB,MB
1629,TM313,TF235,TM145,2012,2012,MB,MB
1630,TM314,TF235,TM145,2012,2012,MB,MB
1631,TM315,TF235,TM218,2012,2012,MB,MB
1632,HF244,HF164,HM117,2012,2012,MB,MB
1633,HF245,HF164,HM117,2012,2012,MB,MB
1634,HF247,HF164,HM117,2012,2012,MB,MB
1635,HM241,HF182,HM180,2012,2012,MB,MB
1636,HM243,HF178,HM166,2012,2012,MB,MB
1637,HM246,HF125,HM117,2012,2012,MB,MB
1638,VF132,VF033,YM083,2012,2012,ColMBsib,MB
1639,VF133,VF033,YM083,2012,2012,ColMBsib,Colpat
1640,VM131,VF033,YM083,2012,2012,ColMBsib,MB
1641,VM134,VF033,YM083,2012,2012,ColMBsib,MB
1642,DM202,DF166,DM165,2012,2012,Colmat,MB
1643,DM204,DF166,DM143,2012,2012,MB,MB
1644,DM209,DF166,DM143,2012,2012,MB,MB
1645,BF586,BF439,BM486,2012,2012,MB,MB
1646,BF588,BF484,BM410,2012,2012,MB,MB
1647,BF589,BF439,BM486,2012,2012,MB,MB
1648,BM579,BF439,BM486,2012,2012,MB,MB
1649,BM580,BF484,DM144,2012,2012,MB,MB
1650,BM587,BF484,DM144,2012,2012,MB,MB
1651,HF250,HF178,GM051,2012,2012,MB,MB
1652,HM252,HF198,GM080,2012,2012,MB,MB
1653,HM253,HF182,GM035,2012,2012,MB,MB
1654,DM212,DF169,DM165,2012,2012,MB,MB
1655,DM214,NA,DM165,2012,2012,NA,MB
1656,VF137,VF033,YM083,2012,2012,ColMBsib,Colpat
1657,VM135,VF033,YM083,2012,2012,MB,Colpat
1658,VM136,VF033,YM083,2012,2012,ColMBsib,Colpat
1659,SF035,SF025,SM013,2012,2012,MB,MB
1660,SM036,SF017,SM013,2012,2012,MB,MB
1661,SM037,SF017,SM013,2012,2012,MB,MB
1662,GF113,GF093,GM049,2012,2012,MB,MB
1663,GM115,GF093,GM049,2012,2012,MB,MB
1664,SF041,SF017,SM013,2013,2013,MB,MB
1665,SF042,SF024,SM009,2013,2013,MB,MB
1666,SF045,SF017,SM013,2013,2013,MB,MB
1667,SF046,SF017,SM013,2013,2013,MB,MB
1668,BF610,BF535,BM436,2013,2013,MB,MB
1669,BM607,BF566,BM455,2013,2013,MB,MB
1670,BM611,BF535,BM436,2013,2013,MB,MB
1671,HF261,HF125,HM117,2013,2013,MB,MB
1672,HF262,HF178,HM117,2013,2013,MB,MB
1673,HF263,HF125,HM117,2013,2013,MB,MB
1674,HF266,HF178,HM117,2013,2013,MB,MB
1675,BF619,BF484,BM438,2013,2013,MB,MB
1676,BF621,BF484,BM410,2013,2013,MB,MB
1677,BF622,BF484,BM410,2013,2013,MB,MB
1678,BM618,BF484,BM438,2013,2013,MB,MB
1679,BM623,BF566,BM216,2013,2013,MB,MB
1680,BM626,BF566,BM216,2013,2013,MB,MB
1681,BP628,BF566,BM410,2013,2013,MB,MB
1682,FF202,FF166,FM178,2013,2013,MB,MB
1683,FP201,FF166,NA,2013,2013,MB,NA
1684,FP203,FF166,NA,2013,2013,MB,NA
1685,HF274,HF182,GM080,2013,2013,MB,MB
1686,HM272,HF178,GM065,2013,2013,MB,MB
1687,HM273,HF182,GM049,2013,2013,MB,MB
1688,HM275,HF182,NA,2013,2013,MB,NA
1689,TF368,TF297,NA,2014,2014,MB,NA
1838,BF673,BF484,BM438,2014,2014,MB,MB
1840,BF691,BF535,BM436,2015,2015,MB,MB
1841,BF696,BF484,BM436,2015,2015,MB,MB
1849,BM667,BF484,TM312,2014,2014,MB,MB
1854,DM243,DF190,DM165,2014,2014,MB,MB
1855,DM244,DF201,DM170,2014,2014,MB,MB
1870,HF303,HF248,HM180,2015,2015,MB,MB
1875,TF385,TF297,TM272,2014,2014,MB,MB
1876,TF393,TF297,TM233,2014,2014,MB,MB
1882,TF403,TF298,BM564,2015,2015,MB,MB
1883,TF404,TF299,DM198,2015,2015,MB,MB
1885,TF406,TF299,DM198,2015,2015,Colmat,MB
1890,TM386,TF297,TM233,2014,2014,MB,MB
1894,TM390,TF297,TM272,2014,2014,MB,MB
1898,TM401,TF297,TM233,2015,2015,MB,MB
1905,TF435,TF297,TM233,2015,2015,MB,MB
1922,BF680,BF484,BM436,2015,2015,MB,MB
1926,BM679,BF484,BM436,2015,2015,MB,Colpat
1927,BM681,BF484,BM436,2015,2015,MB,MB
1928,BM682,BF484,BM436,2015,2015,MB,MB
1930,BM692,BF484,BM438,2015,2015,MB,MB
1931,BM693,BF484,BM436,2015,2015,MB,MB
1933,BM704,BF535,BM455,2015,2015,MB,MB
1955,HF276,HF178,FM178,2014,2014,MB,MB
1956,HF277,HF178,FM176,2014,2014,MB,MB
1957,HF284,HF178,FM176,2014,2014,MB,MB
1958,HF285,HF178,FM176,2014,2014,MB,MB
1959,HF286,HF178,HM117,2014,2014,MB,MB
1962,HF298,HF125,DM220,2014,2014,MB,MB
1966,HF305,HF178,HM117,2015,2015,MB,MB
1971,HM304,HF178,HM117,2015,2015,MB,MB
1972,HM306,HF178,HM117,2015,2015,MB,MB
1973,HM307,HF248,HM180,2015,2015,MB,MB
1976,TM427,TF297,TM233,2015,2015,MB,MB
1690,BF475,BF426,BM416,2010,2010,MB,MB
1691,BP488,BF426,BM216,2010,2010,MB,MB
1692,BF494,BF426,BM111,2010,2010,MB,MB
1693,BF503,BF426,TM243,2011,2011,MB,MB
1694,BM508,BF426,TM243,2011,2011,MB,MB
1695,BM520,BF473,BM111,2011,2011,MB,MB
1696,BP517,BF426,NA,2011,2011,MB,NA
1697,BF521,BF473,BM111,2011,2011,MB,MB
1698,BM525,BF473,BM111,2011,2011,MB,MB
1699,BM543,BF426,BM216,2011,2011,MB,MB
1700,HM238,HF125,HM195,2012,2012,MB,MB
1701,BF560,BF473,BM436,2012,2012,MB,MB
1702,BM562,BF473,BM436,2012,2012,MB,MB
1703,BM567,BF473,BM436,2012,2012,MB,MB
1704,BM570,BF523,GM065,2012,2012,MB,Colpat
1705,HF240,HF219,HM195,2012,2012,MB,MB
1706,BF581,BF523,BM438,2012,2012,MB,MB
1707,BF582,BF473,DM165,2012,2012,MB,MB
1708,BF585,BF535,BM500,2012,2012,MB,MB
1709,BM571,BF523,BM438,2012,2012,MB,MB
1710,BM583,BF535,HM195,2012,2012,MB,MB
1711,BM584,BF535,BM500,2012,2012,MB,MB
1712,HF251,HF219,GM035,2012,2012,MB,MB
1713,TF324,TF285,NA,2012,2012,MB,NA
1714,BF593,BF439,BM500,2012,2012,MB,MB
1715,BM591,BF473,BM436,2012,2012,MB,MB
1716,GM111,GF092,GM060,2012,2012,MB,MB
1717,TF332,TF285,TM272,2013,2013,MB,MB
1718,GM119,GF096,GM061,2013,2013,MB,MB
1719,GM120,GF096,GM061,2013,2013,MB,MB
1720,BF608,BF569,BM436,2013,2013,MB,MB
1721,BF616,BF473,BM436,2013,2013,MB,Colpat
1722,BF617,BF561,BM500,2013,2013,MB,MB
1723,BF624,BF473,BM438,2013,2013,MB,MB
1724,BF627,BF473,BM438,2013,2013,Colmat,MB
1725,BM614,BF473,BM436,2013,2013,MB,MB
1726,BM615,BF566,BM500,2013,2013,MB,MB
1727,BM620,BF473,BM436,2013,2013,MB,MB
1728,GF124,GF100,GM089,2013,2013,MB,MB
1729,GF126,GF092,GM065,2013,2013,MB,MB
1730,GM125,GF100,GM089,2013,2013,MB,MB
1731,BP631,BF566,BM500,2013,2013,MB,MB
1732,TM362,TF285,TM233,2013,2013,MB,MB
1733,TM363,TF285,TM233,2013,2013,MB,MB
1734,DF228,DF130,TM300,2013,2013,MB,MB
1735,DM230,DF130,TM300,2013,2013,MB,MB
1736,BF640,BF473,BM438,2013,2013,MB,MB
1737,BM635,BF473,BM438,2013,2013,MB,MB
1738,BM638,BF473,BM438,2013,2013,MB,MB
1739,GM128,GF096,GM049,2013,2013,MB,MB
1740,GM129,GF100,GM082,2013,2013,MB,MB
1741,GM130,GF100,GM082,2013,2013,MB,MB
1832,BP655,BF535,TM307,2014,2014,MB,MB
1833,BF659,BF473,TM272,2014,2014,MB,MB
1834,BF660,BF473,TM272,2014,2014,MB,MB
1835,BF661,BF473,TM272,2014,2014,MB,MB
1836,BF669,BF473,TM272,2014,2014,MB,MB
1837,BF671,BF561,BM500,2014,2014,MB,MB
1839,BF674,BF589,BM500,2014,2014,MB,MB
1842,BM653,BF473,TM272,2014,2014,MB,MB
1843,BM654,BF473,BM564,2014,2014,MB,MB
1845,BM663,BF535,TM307,2014,2014,MB,MB
1846,BM664,BF589,BM500,2014,2014,MB,MB
1850,BM668,BF473,TM272,2014,2014,MB,MB
1853,BM697,BF589,BM455,2015,2015,MB,MB
1856,GF135,GF092,GM065,2014,2014,MB,MB
1857,GF138,GF100,GM082,2014,2014,MB,MB
1858,GF139,GF096,GM049,2014,2014,MB,MB
1859,GF143,GF100,GM082,2015,2015,MB,MB
1860,GF145,GF096,HM246,2015,2015,MB,MB
1862,GM137,GF100,GM082,2014,2014,MB,MB
1863,GM140,GF092,GM060,2014,2014,MB,MB
1864,GM141,GF096,GM049,2014,2014,MB,MB
1865,GM142,GF100,GM082,2015,2015,MB,MB
1867,GM146,GF100,GM080,2015,2015,MB,MB
1869,HF294,HF178,HM217,2014,2014,MB,MB
1878,TF395,TF319,TM286,2014,2014,MB,MB
1879,TF396,TF299,TM286,2014,2014,MB,MB
1880,TF398,TF299,TM286,2014,2014,MB,MB
1881,TF399,TF322,TM286,2014,2014,MB,MB
1886,TF432,TF285,*x2,2015,2015,MB,Colsib
1887,TF440,TF299,TM286,2015,2015,MB,MB
1888,TF433,TF285,BM500,2015,2015,MB,MB
1893,TM389,TF285,TM272,2014,2014,MB,MB
1895,TM391,TF299,TM300,2014,2014,MB,MB
1896,TM392,TF322,TM286,2014,2014,Colmat,MB
1897,TM397,TF322,TM286,2014,2014,MB,MB
1900,TM428,TF299,TM286,2015,2015,MB,MB
1901,TM429,TF285,*x2,2015,2015,MB,Colsib
1902,TM430,TF285,TM283,2015,2015,MB,MB
1903,TM431,TF322,TM286,2015,2015,MB,MB
1906,TM436,TF298,TM286,2015,2015,MB,MB
1907,TM437,TF285,TM283,2015,2015,Colmat,MB
1908,TM438,TF298,BM500,2015,2015,MB,MB
1909,TM439,TF298,TM286,2015,2015,Colmat,MB
1921,24M006,VF139,TM300,2015,2015,MB,Colpat
1924,BF708,BF561,BM558,2015,2015,Colmat,MB
1925,BF717,BF535,TM300,2015,2015,MB,MB
1932,BM694,BF589,BM455,2015,2015,MB,MB
1934,BM705,BF589,BM500,2015,2015,MB,MB
1935,BM706,BF561,BM500,2015,2015,MB,MB
1936,BM709,BF647,BM558,2015,2015,MB,MB
1938,BM711,BF589,TM317,2015,2015,MB,MB
1939,BM713,BF535,TM300,2015,2015,MB,MB
1940,BM714,BF535,TM300,2015,2015,MB,MB
1950,GF149,GF100,GM082,2015,2015,MB,MB
1951,GM148,GF096,HM246,2015,2015,MB,MB
1953,GM151,GF100,GM065,2015,2015,MB,MB
1954,GM152,GF100,GM065,2015,2015,MB,MB
1960,HF290,HF178,HM217,2014,2014,MB,MB
1961,HF297,HF182,DM209,2014,2014,MB,MB
1964,HF300,HF125,GM082,2014,2014,MB,MB
1965,HF301,HF182,DM192,2014,2014,MB,MB
1968,HM293,HF182,DM209,2014,2014,MB,Colpat
1969,HM295,HF182,DM209,2014,2014,MB,MB
1970,HM296,HF178,HM217,2014,2014,MB,MB
1974,TF448,TF285,TM233,2015,2015,MB,MB
1975,TM426,TF285,BM564,2015,2015,MB,MB
1977,TM449,TF285,TM233,2015,2015,MB,MB
1979,VM149,VF140,VM135,2014,2014,MB,MB
1980,VM150,VF140,VM135,2014,2014,MB,MB
1742,HF242,HF125,BM508,2012,2012,MB,MB
1743,HF260,HF240,HM222,2013,2013,MB,MB
1744,HM264,HF240,HM222,2013,2013,MB,MB
1745,BP629,BF593,BM564,2013,2013,MB,MB
1746,BP630,BF593,BM580,2013,2013,MB,MB
1747,BP632,BF593,BM564,2013,2013,MB,MB
1844,BM662,BF593,BM564,2014,2014,MB,MB
1847,BM665,BF593,TM300,2014,2014,MB,MB
1848,BM666,BF627,BM564,2014,2014,MB,MB
1851,BM670,BF627,BM500,2014,2014,MB,MB
1852,BM672,BF627,BM500,2014,2014,MB,MB
1923,BF695,BF627,TM307,2015,2015,MB,MB
1929,BM683,BF593,BM564,2015,2015,MB,MB
1937,BM710,BF593,BM564,2015,2015,MB,MB
1941,BM719,BF627,BM455,2015,2015,MB,MB
1963,HF299,HF240,HM223,2014,2014,MB,MB
1985,BF712,BF659,BM500,2015,2015,MB,MB
1986,BF718,BF659,BM500,2015,2015,MB,MB
1987,BM707,BF669,BM558,2015,2015,MB,MB
1988,BM715,BF674,BM558,2015,2015,MB,MB
1989,BM716,BF671,NA,2015,2015,MB,NA
1748,HM265,HF242,HM195,2013,2013,MB,MB
1871,HM291,HF242,DM220,2014,2014,MB,MB
1872,HM292,HF260,HM246,2014,2014,MB,MB
